Time t / s,Events N,Channel n,Energy E / keV,Voltage U / V,Rate R / 1/s,Dead time t / %
0,0,0,0,694.9453125,,
1.001,0,1,1,696.109375,33.45857295,0.234210011
2,0,2,2,696.109375,28.96811769,0.202776824
3.001,0,3,3,696.109375,26.97818544,0.188847298
4.001,0,4,4,696.109375,27.03986758,0.189279073
5,0,5,5,696.109375,26.65133327,0.186559333
6,0,6,6,696.109375,26.00502417,0.182035169
7,0,7,7,696.109375,35.98837935,0.251918655
8,0,8,8,696.109375,26.01072943,0.182075106
9.001,0,9,9,696.109375,34.41799231,0.240925946
10.001,0,10,10,696.109375,21.09248879,0.147647422
11,0,11,11,696.109375,29.99858007,0.20999006
12.001,3,12,12,696.109375,30.02871045,0.210200973
13.001,5,13,13,696.109375,31.01520676,0.217106447
14,12,14,14,696.109375,36.02662007,0.25218634
15.001,11,15,15,696.109375,22.21333935,0.155493375
16,9,16,16,696.109375,39.96469341,0.279752854
17.001,13,17,17,696.109375,27.9740904,0.195818633
18,10,18,18,696.109375,26.02263188,0.182158423
19,8,19,19,696.109375,26.66633186,0.186664323
20.001,13,20,20,696.109375,33.9958899,0.237971229
21.001,9,21,21,696.109375,21.09670675,0.147676947
22,7,22,22,696.109375,32.19984691,0.225398928
23.001,11,23,23,696.109375,27.99425558,0.195959789
24,8,24,24,696.4973958,39.04818937,0.273337326
25.001,11,25,25,696.109375,32.20021516,0.225401506
26.001,12,26,26,696.109375,28.8617332,0.202032132
27.001,11,27,27,696.109375,18.9946682,0.132962677
28,12,28,28,696.109375,35.5512894,0.248859026
29.001,11,29,29,696.109375,16.02620766,0.112183454
30,13,30,30,696.109375,18.87005657,0.132090396
31.001,9,31,31,696.109375,22.21750224,0.155522516
32,11,32,32,696.109375,35.53519784,0.248746385
33.001,20,33,33,696.109375,24.02882979,0.168201809
34.001,10,34,34,696.109375,30.01523573,0.21010665
35.001,19,35,35,696.109375,43.27494101,0.302924587
36,21,36,36,696.109375,12.21792966,0.085525508
37,19,37,37,696.109375,34.00966215,0.238067635
38,13,38,38,696.109375,24.98078478,0.174865493
39,12,39,39,696.109375,20.99912644,0.146993885
40,15,40,40,696.109375,23.01379907,0.161096594
41,14,41,41,696.4973958,40.06739336,0.280471753
42,13,42,42,696.109375,29.97482448,0.209823771
43,14,43,43,696.109375,28.87712307,0.202139861
44,14,44,44,696.109375,24.38373436,0.170686141
45.001,16,45,45,696.109375,26.00476927,0.182033385
46.001,21,46,46,696.109375,34.04047753,0.238283343
47.001,17,47,47,696.109375,19.99988222,0.139999176
48.001,7,48,48,696.109375,31.97410417,0.223818729
49,11,49,49,695.7213542,23.29693317,0.163078532
50.001,18,50,50,696.109375,23.03327848,0.161232949
51.001,22,51,51,696.109375,32.18678814,0.225307517
52.001,13,52,52,696.109375,28.07534581,0.196527421
53,14,53,53,696.109375,32.14602186,0.225022153
54.001,15,54,54,696.109375,20.00840753,0.140058853
55,12,55,55,696.109375,25.99736647,0.181981565
56.001,26,56,56,696.109375,26.65331928,0.186573235
57.001,18,57,57,696.109375,34.02464745,0.238172532
58,12,58,58,696.109375,30.95013006,0.21665091
59.001,20,59,59,696.109375,24.02792285,0.16819546
60.001,18,60,60,696.109375,31.97254198,0.223807794
61,19,61,61,696.4973958,27.00187933,0.189013155
62,26,62,62,696.109375,23.04453587,0.161311751
63.001,25,63,63,696.109375,28.0119527,0.196083669
63.999,14,64,64,696.109375,21.08074781,0.147565235
65.001,25,65,65,696.109375,24.9999375,0.174999563
66.001,18,66,66,696.109375,27.77627786,0.194433945
67.001,24,67,67,696.109375,33.07030747,0.231492152
68,16,68,68,696.109375,27.74705562,0.194229389
69,19,69,69,696.109375,29.96829654,0.209778076
70.001,21,70,70,696.109375,34.98521525,0.244896507
71,23,71,71,696.109375,39.04707906,0.273329553
72,18,72,72,696.109375,27.76908914,0.194383624
73,18,73,73,696.109375,31.02621715,0.21718352
74,20,74,74,696.4973958,31.93187335,0.223523113
75.001,17,75,75,696.109375,32.05401422,0.2243781
76.001,28,76,76,696.109375,24.4005641,0.170803949
77.001,30,77,77,696.109375,23.00890445,0.161062331
78,24,78,78,696.109375,33.07985145,0.23155896
79.001,19,79,79,698.0494792,29.95708481,0.209699594
80.001,21,80,80,696.109375,34.44421482,0.241109504
81,31,81,81,696.109375,26.94642243,0.188624957
82.001,24,82,82,696.109375,20.04212052,0.140294844
83,30,83,83,696.4973958,25.53887016,0.178772091
84,28,84,84,696.109375,29.99688032,0.209978162
85,15,85,85,696.109375,27.02839874,0.189198791
86.001,44,86,86,696.109375,18.86254211,0.132037795
87,36,87,87,696.109375,19.01407612,0.133098533
88,34,88,88,696.4973958,21.99000994,0.15393007
89.001,45,89,89,696.109375,29.99984333,0.209998903
90,43,90,90,696.109375,25.01210836,0.175084759
91.001,52,91,91,696.109375,41.0542282,0.287379597
92.001,46,92,92,696.4973958,31.0785615,0.21754993
93,45,93,93,696.109375,27.07885905,0.189552013
94.001,54,94,94,696.109375,30.99000561,0.216930039
95.001,45,95,95,696.109375,35.0669709,0.245468796
96,53,96,96,696.109375,24.97555393,0.174828877
97.001,50,97,97,696.109375,40.06454398,0.280451808
98.001,42,98,98,696.109375,18.87221633,0.132105514
99.001,62,99,99,696.109375,25.01814816,0.175127037
100,52,100,100,696.109375,25.53622747,0.178753592
101.001,54,101,101,696.109375,35.03238744,0.245226712
102,60,102,102,696.109375,33.28789536,0.233015267
103.001,46,103,103,696.109375,19.00752698,0.133052689
104,53,104,104,696.109375,36.98960592,0.258927241
104.999,52,105,105,696.109375,29.95620403,0.209693428
106,49,106,106,696.109375,32.03935394,0.224275478
107,36,107,107,696.109375,33.3280675,0.233296472
108.001,29,108,108,696.4973958,25.98937814,0.181925647
109,53,109,109,696.109375,25.02085989,0.175146019
110,43,110,110,696.109375,23.0153236,0.161107265
110.999,53,111,111,696.109375,29.96614492,0.209763014
112.001,45,112,112,696.109375,29.97527939,0.209826956
113,48,113,113,696.109375,34.00609049,0.238042633
114.001,42,114,114,696.109375,28.00688129,0.196048169
115,30,115,115,696.109375,28.07660139,0.19653621
116.001,35,116,116,696.109375,23.28856495,0.163019955
117,35,117,117,696.109375,24.42408561,0.170968599
118.001,39,118,118,696.109375,32.20842628,0.225458984
119,41,119,119,697.2734375,30.03692439,0.210258471
120.001,26,120,120,696.109375,37.75590872,0.264291361
121.001,41,121,121,696.109375,28.87641428,0.2021349
122.001,42,122,122,696.4973958,36.01144444,0.252080111
122.999,33,123,123,696.109375,27.03997861,0.18927985
124.001,34,124,124,696.109375,13.32717618,0.093290233
125,40,125,125,696.4973958,25.54566371,0.178819646
126.001,41,126,126,696.109375,27.75639302,0.194294751
127.001,41,127,127,696.109375,28.85826386,0.202007847
128.001,28,128,128,696.109375,38.83847655,0.271869336
129.001,30,129,129,696.109375,25.02157611,0.175151033
130,40,130,130,696.109375,29.03984848,0.203278939
131.001,45,131,131,696.109375,36.64772387,0.256534067
132,31,132,132,696.109375,39.9416231,0.279591362
133.001,37,133,133,696.109375,21.10183803,0.147712866
134.001,42,134,134,696.109375,28.97392347,0.202817464
135,40,135,135,696.109375,37.07386969,0.259517088
136.001,46,136,136,696.109375,26.66304938,0.186641346
137,38,137,137,695.7213542,22.20017991,0.155401259
138,40,138,138,696.109375,23.29325082,0.163052756
139,30,139,139,696.109375,32.00107204,0.224007504
139.999,39,140,140,696.109375,35.05107994,0.24535756
141.001,25,141,141,696.109375,23.96939827,0.167785788
142.001,34,142,142,696.109375,18.00398968,0.126027928
143.001,49,143,143,696.109375,23.02746025,0.161192222
144.001,38,144,144,696.109375,30.98631335,0.216904193
144.999,38,145,145,696.109375,26.66288646,0.186640205
146,55,146,146,696.109375,30.99734663,0.216981426
147.001,32,147,147,696.109375,17.76283726,0.124339861
148.001,32,148,148,696.109375,31.03935791,0.217275505
149,49,149,149,696.109375,29.00216936,0.203015186
150,41,150,150,696.109375,35.55230844,0.248866159
151.001,48,151,151,696.109375,28.87866263,0.202150638
152.001,31,152,152,696.109375,27.03619606,0.189253372
153.001,46,153,153,696.109375,37.76137256,0.264329608
154,31,154,154,696.109375,26.61734768,0.186321434
155.001,28,155,155,696.109375,41.05232874,0.287366301
156,37,156,156,696.109375,26.65157299,0.186561011
157.001,51,157,157,696.109375,28.01070569,0.19607494
158.001,50,158,158,696.109375,26.03696468,0.182258753
159.001,41,159,159,696.109375,30.97103279,0.21679723
160.001,40,160,160,696.109375,40.05426552,0.280379859
161.001,33,161,161,696.109375,33.31886554,0.233232059
162,34,162,162,696.109375,26.65059636,0.186554174
163.001,44,163,163,696.109375,26.65461286,0.18658229
164.001,23,164,164,696.109375,21.01795774,0.147125704
164.999,44,165,165,696.109375,23.3205977,0.163244184
166.001,25,166,166,696.109375,14.43822317,0.101067562
167.001,32,167,167,696.109375,26.6354381,0.186448067
168.001,33,168,168,696.109375,26.0496689,0.182347682
168.999,32,169,169,696.109375,33.33254446,0.233327811
170,30,170,170,696.109375,16.62488648,0.116374205
171,32,171,171,696.109375,21.00923566,0.14706465
172.001,42,172,172,696.109375,21.05717666,0.147400237
173.001,39,173,173,696.109375,20.01118225,0.140078276
174.001,22,174,174,696.109375,31.96137149,0.2237296
175.001,32,175,175,696.109375,24.0393476,0.168275433
176.001,41,176,176,696.109375,18.99349093,0.132954437
177,34,177,177,696.109375,34.05906864,0.23841348
178.001,34,178,178,696.109375,16.64740377,0.116531826
179.001,40,179,179,696.109375,30.00701864,0.21004913
180.001,36,180,180,696.109375,34.38476777,0.240693374
181,29,181,181,696.109375,28.05556686,0.196388968
182.001,34,182,182,696.109375,23.26305822,0.162841408
183.001,35,183,183,696.109375,26.02862107,0.182200348
184.001,41,184,184,696.4973958,29.9919455,0.209943618
185.001,47,185,185,696.109375,27.01594751,0.189111633
186.001,31,186,186,696.109375,17.77597648,0.124431835
187,39,187,187,696.109375,27.96899637,0.195782975
188,35,188,188,696.109375,27.98879049,0.195921533
189,37,189,189,696.109375,30.04075329,0.210285273
190.001,37,190,190,696.109375,29.05083897,0.203355873
191,35,191,191,696.109375,25.54814092,0.178836986
192,45,192,192,696.109375,24.37425472,0.170619783
193.001,32,193,193,696.109375,29.07005593,0.203490391
194.001,39,194,194,696.109375,23.32142127,0.163249949
195.001,41,195,195,696.4973958,27.7527941,0.194269559
196.001,39,196,196,696.109375,28.0233182,0.196163227
197.001,46,197,197,696.109375,23.97584434,0.16783091
198.001,29,198,198,696.109375,30.99342939,0.216954006
199,33,199,199,696.4973958,22.03463183,0.154242423
200.001,33,200,200,696.109375,17.76915974,0.124384118
201.001,36,201,201,696.109375,37.04742812,0.259331997
202.001,34,202,202,696.109375,31.10394684,0.217727628
203.001,35,203,203,696.109375,23.32236146,0.16325653
204.001,29,204,204,696.109375,17.75703559,0.124299249
205,37,205,205,696.109375,22.00779076,0.154054535
206.001,35,206,206,696.109375,22.02136292,0.15414954
207.001,46,207,207,696.109375,34.42708937,0.240989626
208.001,37,208,208,696.109375,28.87076126,0.202095329
209.001,34,209,209,696.109375,28.98730066,0.202911105
210.001,32,210,210,696.109375,29.02193768,0.203153564
211,30,211,211,696.109375,21.99698201,0.153978874
212.001,23,212,212,696.109375,16.64282305,0.116499761
213.001,34,213,213,696.109375,25.04292608,0.175300483
214.001,34,214,214,696.109375,29.99336813,0.209953577
215.001,29,215,215,696.109375,31.06687189,0.217468103
216.001,27,216,216,696.109375,25.53795707,0.178765699
217.001,33,217,217,696.109375,21.02045711,0.1471432
218,28,218,218,696.109375,26.66221704,0.186635519
219,30,219,219,696.109375,29.00814839,0.203057039
220,42,220,220,696.109375,22.21890667,0.155532347
221.001,25,221,221,696.109375,26.65856246,0.186609937
222.001,37,222,222,696.109375,29.94402132,0.209608149
223.001,34,223,223,697.2734375,24.02680911,0.168187664
224,45,224,224,696.109375,24.97741792,0.174841925
225,37,225,225,701.1536458,25.00229521,0.175016066
226.001,37,226,226,696.109375,37.76688413,0.264368189
227.001,30,227,227,696.109375,31.0814801,0.217570361
228,37,228,228,696.109375,31.07364665,0.217515527
229,24,229,229,696.109375,24.41265916,0.170888614
230.001,23,230,230,696.109375,38.06033705,0.266422359
231,31,231,231,696.109375,26.65054901,0.186553843
232.001,17,232,232,696.109375,20.00251032,0.140017572
233,25,233,233,696.109375,26.66111523,0.186627807
234.001,25,234,234,696.109375,27.73397966,0.194137858
235.001,22,235,235,696.109375,28.02457755,0.196172043
236.001,25,236,236,696.109375,25.98273447,0.181879141
237.001,20,237,237,696.109375,23.99940481,0.167995834
238.001,33,238,238,696.109375,20.99698273,0.146978879
239,35,239,239,696.109375,23.05503467,0.161385243
240.001,31,240,240,696.109375,21.06723041,0.147470613
241,30,241,241,696.109375,31.10277211,0.217719405
242,25,242,242,696.109375,28.87047274,0.202093309
243.001,30,243,243,695.7213542,21.03313139,0.14723192
244.001,35,244,244,696.109375,26.95759301,0.188703151
245.001,24,245,245,696.109375,30.02312681,0.210161888
246.001,18,246,246,696.109375,21.01660101,0.147116207
247.001,26,247,247,696.109375,37.97579043,0.265830533
248,22,248,248,696.109375,29.999856,0.209998992
249.001,31,249,249,696.109375,30.98218834,0.216875318
250.001,27,250,250,696.109375,20.01314864,0.14009204
251.001,28,251,251,696.109375,34.43924412,0.241074709
252.001,24,252,252,696.109375,25.55533975,0.178887378
253.001,25,253,253,696.109375,33.02045617,0.231143193
254,29,254,254,696.109375,25.97662104,0.181836347
255.001,28,255,255,696.109375,26.07551731,0.182528621
256,17,256,256,696.109375,23.26898941,0.162882926
257,25,257,257,696.109375,21.03926347,0.147274844
258.001,31,258,258,696.109375,24.39450618,0.170761543
259.001,31,259,259,696.109375,31.09873727,0.217691161
260.001,25,260,260,696.109375,20.00151211,0.140010585
261.001,25,261,261,696.109375,27.01561232,0.189109286
262.001,20,262,262,696.109375,25.99630592,0.181974141
263,35,263,263,696.109375,29.04501978,0.203315138
264.001,20,264,264,696.109375,32.18780273,0.225314619
265.001,27,265,265,696.109375,19.00901788,0.133063125
266.001,27,266,266,696.109375,28.87769076,0.202143835
267.001,17,267,267,696.109375,25.52251807,0.178657627
268.001,26,268,268,696.109375,26.05949382,0.182416457
269,27,269,269,696.109375,38.82046136,0.271743229
270,23,270,270,696.109375,34.00390705,0.238027349
271.001,14,271,271,696.109375,28.00149248,0.196010447
272.001,16,272,272,696.109375,22.01667984,0.154116759
273.001,25,273,273,696.109375,28.00130486,0.196009134
274.001,26,274,274,696.8854167,16.66360797,0.116645256
275.001,21,275,275,696.109375,27.76240666,0.194336847
276.001,17,276,276,696.109375,22.0319397,0.154223578
277,24,277,277,696.109375,17.75815896,0.124307113
278.001,23,278,278,696.109375,16.65655984,0.116595919
279.001,26,279,279,696.109375,22.20183107,0.155412818
280.001,26,280,280,696.8854167,26.02046249,0.182143237
281.001,18,281,281,696.109375,20.02584335,0.140180903
282.001,21,282,282,696.109375,25.55208047,0.178864563
283.001,22,283,283,696.109375,24.02142471,0.168149973
284.001,17,284,284,696.109375,24.96671188,0.174766983
285,23,285,285,696.109375,34.00255019,0.238017851
286,19,286,286,697.2734375,21.10568695,0.147739809
287,25,287,287,696.109375,24.99385401,0.174956978
288.001,13,288,288,696.109375,35.05457296,0.245382011
289,13,289,289,696.109375,30.98996235,0.216929736
290.001,27,290,290,696.109375,23.32994531,0.163309617
291.001,18,291,291,696.4973958,19.98478935,0.139893525
292.001,23,292,292,696.109375,22.19581167,0.155370682
293,20,293,293,696.109375,30.06180105,0.210432607
294.001,19,294,294,696.109375,27.77264601,0.194408522
295.001,29,295,295,696.109375,24.43170467,0.171021933
296,15,296,296,696.4973958,34.0055293,0.238038705
297,22,297,297,696.109375,34.41913491,0.240933944
298.001,22,298,298,696.109375,24.00780013,0.168054601
299,17,299,299,696.109375,41.02351057,0.287164574
300.001,16,300,300,696.109375,35.96697153,0.251768801
301,20,301,301,696.109375,30.06165345,0.210431574
302,20,302,302,696.109375,26.59835913,0.186188514
303.001,17,303,303,696.109375,30.02838283,0.21019868
304.001,23,304,304,696.4973958,39.96839388,0.279778757
305.001,26,305,305,696.109375,28.85176948,0.201962386
306,14,306,306,696.4973958,35.06447305,0.245451311
307.001,21,307,307,695.7213542,28.84653576,0.20192575
308,20,308,308,695.7213542,32.96043429,0.23072304
309,15,309,309,696.109375,28.07820623,0.196547444
310,20,310,310,696.109375,34.96071115,0.244724978
311.001,16,311,311,696.109375,25.53011055,0.178710774
312.001,24,312,312,696.109375,30.03578163,0.210250471
313,25,313,313,696.4973958,14.43291735,0.101030421
314.001,19,314,314,696.109375,26.0119655,0.182083759
315,17,315,315,696.4973958,25.96788292,0.18177518
316,24,316,316,696.109375,30.05791258,0.210405388
317.001,21,317,317,696.109375,28.81242711,0.20168699
318,21,318,318,696.4973958,33.07000258,0.231490018
319.001,15,319,319,696.109375,18.85908525,0.132013597
320,24,320,320,696.109375,34.02027949,0.238141956
321,19,321,321,696.109375,28.88864815,0.202220537
322.001,22,322,322,696.109375,31.98791497,0.223915405
323.001,16,323,323,695.7213542,27.05527392,0.189386917
324.001,22,324,324,696.109375,31.07497092,0.217524796
325.001,24,325,325,696.109375,27.76146329,0.194330243
326,11,326,326,696.109375,27.77343895,0.194414073
327,17,327,327,696.109375,28.98913487,0.202923944
328,19,328,328,696.109375,27.00374002,0.18902618
329.001,16,329,329,696.109375,28.87160442,0.202101231
330,21,330,330,696.109375,24.02713144,0.16818992
331,20,331,331,696.109375,29.93558527,0.209549097
332.001,22,332,332,696.109375,31.07024049,0.217491683
333,24,333,333,696.109375,26.65547137,0.1865883
334.001,15,334,334,696.109375,26.63871082,0.186470976
335,14,335,335,696.109375,30.02828965,0.210198028
336.001,20,336,336,696.109375,21.06742663,0.147471986
337.001,11,337,337,696.109375,33.06228273,0.231435979
338.001,17,338,338,696.109375,26.96243055,0.188737014
339.001,17,339,339,696.109375,26.07205272,0.182504369
340.001,22,340,340,696.109375,24.37191633,0.170603414
341,12,341,341,696.4973958,36.01987216,0.252139105
342.001,24,342,342,696.109375,38.96827593,0.272777931
343.001,30,343,343,696.109375,25.01448839,0.175101419
344,17,344,344,696.109375,26.03390917,0.182237364
345,13,345,345,696.109375,25.54005558,0.178780389
346,17,346,346,696.109375,36.64807795,0.256536546
347.001,24,347,347,696.109375,26.01537769,0.182107644
348,22,348,348,696.109375,24.99377155,0.174956401
349,17,349,349,696.109375,28.88411017,0.202188771
350,19,350,350,696.109375,32.97972736,0.230858092
351.001,19,351,351,696.109375,41.03818603,0.287267302
352,19,352,352,696.109375,29.99143911,0.209940074
353,17,353,353,696.109375,29.98120844,0.209868459
354.001,19,354,354,696.109375,40.01175545,0.280082288
355.001,19,355,355,696.109375,36.02808389,0.252196587
356.001,19,356,356,696.109375,24.44392297,0.171107461
357,24,357,357,696.109375,26.66208967,0.186634628
358.001,18,358,358,696.109375,36.66336696,0.256643569
359.001,18,359,359,696.109375,16.66382086,0.116646746
360.001,21,360,360,696.4973958,20.00186617,0.140013063
361,22,361,361,696.109375,31.08424051,0.217589684
362.001,9,362,362,696.109375,41.10846881,0.287759282
363.001,17,363,363,696.109375,26.64974112,0.186548188
364.001,22,364,364,696.109375,29.92387068,0.209467095
365.001,17,365,365,696.109375,30.05017779,0.210351245
366,17,366,366,696.109375,31.09088476,0.217636193
367.001,21,367,367,696.109375,16.65229574,0.11656607
368.001,13,368,368,696.109375,23.28905825,0.163023408
369,16,369,369,696.109375,35.06636309,0.245464542
370.001,17,370,370,696.109375,23.32119595,0.163248372
371,19,371,371,696.109375,35.000238,0.245001666
372,18,372,372,696.4973958,22.9873179,0.160911225
373.001,20,373,373,696.4973958,36.0835153,0.252584607
374,19,374,374,696.109375,31.0493023,0.217345116
375,26,375,375,696.109375,19.98124649,0.139868725
376,21,376,376,696.109375,21.01224383,0.147085707
377.001,22,377,377,696.109375,35.05103782,0.245357265
378.001,21,378,378,696.109375,27.73685975,0.194158018
379,17,379,379,695.7213542,25.55524889,0.178886742
380.001,9,380,380,696.109375,31.10536699,0.217737569
381.001,16,381,381,696.109375,31.0724236,0.217506965
382.001,28,382,382,696.109375,33.26959618,0.232887173
383,15,383,383,696.109375,24.98768107,0.174913768
384,16,384,384,696.109375,31.00296698,0.217020769
385.001,15,385,385,696.109375,29.99679034,0.209977532
386,26,386,386,696.109375,32.05453117,0.224381718
387.001,19,387,387,696.109375,21.08464754,0.147592533
388.001,35,388,388,696.109375,28.95564863,0.20268954
389.001,16,389,389,696.8854167,39.03132654,0.273219286
390,18,390,390,695.7213542,33.02994164,0.231209591
391.001,19,391,391,696.109375,31.95451275,0.223681589
392.001,11,392,392,696.109375,31.03805576,0.21726639
393.001,18,393,393,696.109375,33.99500613,0.237965043
394.001,23,394,394,696.109375,33.98699318,0.237908952
395,23,395,395,696.109375,21.01826277,0.147127839
396.001,22,396,396,696.109375,28.01398178,0.196097872
397.001,19,397,397,696.109375,35.46464391,0.248252507
398,15,398,398,696.109375,28.04353478,0.196304743
399.001,19,399,399,696.109375,28.86141603,0.202029912
400.001,17,400,400,696.109375,32.01880144,0.22413161
401.001,19,401,401,696.109375,33.022984,0.231160888
402,17,402,402,696.109375,33.30788241,0.233155177
403,18,403,403,696.109375,21.03176427,0.14722235
404,19,404,404,696.109375,17.76048696,0.124323409
405,21,405,405,696.109375,22.20109418,0.155407659
406.001,19,406,406,696.109375,22.99948251,0.160996378
407.001,17,407,407,696.109375,31.980249,0.223861743
408,20,408,408,696.109375,24.01751357,0.168122595
409.001,24,409,409,696.109375,27.03856781,0.189269975
410.001,20,410,410,696.109375,32.16948928,0.225186425
411,16,411,411,695.7213542,23.01712474,0.161119873
412,16,412,412,696.109375,21.1006077,0.147704254
413.001,11,413,413,696.109375,24.99911503,0.174993805
414.001,16,414,414,696.109375,28.98441508,0.202890906
415,19,415,415,696.109375,23.03537312,0.161247612
416.001,18,416,416,696.109375,24.42333997,0.17096338
417.001,20,417,417,696.109375,23.32189783,0.163253285
418,22,418,418,696.109375,26.98580547,0.188900638
419.001,25,419,419,696.109375,36.58566195,0.256099634
420.001,21,420,420,696.109375,33.32488733,0.233274211
421.001,15,421,421,696.109375,22.00841382,0.154058897
422.001,22,422,422,696.109375,27.77625317,0.194433772
423.001,19,423,423,696.109375,31.02924506,0.217204715
424.001,19,424,424,696.109375,21.01161732,0.147081321
425,13,425,425,696.109375,17.72526962,0.124076887
426,17,426,426,696.109375,23.05864736,0.161410532
427,15,427,427,696.109375,30.95936583,0.216715561
428.001,17,428,428,696.109375,28.014007,0.196098049
429.001,20,429,429,696.109375,29.97556325,0.209828943
430,20,430,430,696.109375,32.08444948,0.224591146
431,30,431,431,696.109375,28.85859378,0.202010156
432.001,21,432,432,696.109375,29.95590823,0.209691358
433.001,11,433,433,696.109375,28.88717171,0.202210202
434.001,13,434,434,697.6614583,25.54860917,0.178840264
435.001,25,435,435,696.109375,31.96961608,0.223787313
436,17,436,436,696.109375,29.06114174,0.203427992
437,17,437,437,696.109375,23.98531619,0.167897213
438.001,17,438,438,696.109375,37.74782278,0.264234759
439.001,16,439,439,696.109375,24.01412991,0.168098909
440.001,17,440,440,696.109375,26.66331598,0.186643212
441,12,441,441,696.109375,32.05234789,0.224366435
442.001,23,442,442,696.4973958,29.97312743,0.209811892
443.001,22,443,443,696.109375,29.96940124,0.209785809
444,18,444,444,696.109375,32.0472954,0.224331068
445.001,12,445,445,696.109375,17.99423105,0.125959617
446.001,26,446,446,696.109375,24.95155655,0.174660896
447.001,15,447,447,696.109375,25.03816818,0.175267177
448,25,448,448,696.109375,33.32612008,0.233282841
449.001,26,449,449,696.109375,25.00926343,0.175064844
450,22,450,450,696.109375,24.41934407,0.170935409
451.001,16,451,451,696.109375,24.05364203,0.168375494
452,21,452,452,696.109375,36.643805,0.256506635
453.001,18,453,453,696.109375,35.53557666,0.248749037
454.001,22,454,454,696.109375,31.0895833,0.217627083
455.001,17,455,455,696.109375,35.96702543,0.251769178
456.001,19,456,456,696.109375,31.018307,0.217128149
457.001,18,457,457,696.109375,29.02627458,0.203183922
458.001,23,458,458,696.109375,21.99219277,0.153945349
459.001,23,459,459,696.109375,24.98622509,0.174903576
460.001,23,460,460,696.109375,26.04365176,0.182305562
461.001,18,461,461,696.109375,35.50121503,0.248508505
462.001,19,462,462,696.109375,36.0591731,0.252414212
463.001,14,463,463,696.109375,31.04871699,0.217341019
464,8,464,464,696.109375,27.999846,0.195998922
465.001,10,465,465,696.109375,32.19002147,0.22533015
466.001,24,466,466,696.109375,30.01077387,0.210075417
467,36,467,467,695.3333333,24.44215503,0.171095085
468.001,12,468,468,696.109375,33.00291086,0.231020376
468.999,14,469,469,696.109375,31.05533128,0.217387319
470,20,470,470,696.109375,26.6618468,0.186632928
471,22,471,471,696.109375,34.40932018,0.240865241
472,10,472,472,696.4973958,15.97564034,0.111829482
473,16,473,473,696.109375,18.99626913,0.132973884
474.001,14,474,474,696.109375,25.03450255,0.175241518
475.001,8,475,475,696.109375,19.99482534,0.139963777
476,13,476,476,696.109375,25.01905451,0.175133382
477.001,15,477,477,696.109375,28.99501286,0.20296509
478,20,478,478,696.109375,41.07475083,0.287523256
479.001,14,479,479,696.109375,41.01300522,0.287091037
480,15,480,480,696.109375,19.02813119,0.133196918
481,19,481,481,696.109375,29.94081366,0.209585696
482,11,482,482,696.109375,32.05342665,0.224373987
483.001,12,483,483,698.8255208,38.81810623,0.271726744
484.001,15,484,484,696.109375,20.99224337,0.146945704
485,8,485,485,696.109375,31.04253137,0.21729772
486,13,486,486,696.109375,34.9769397,0.244838578
487,15,487,487,696.109375,21.02616075,0.147183125
488,15,488,488,695.7213542,32.19512823,0.225365898
489.001,8,489,489,696.109375,24.96489187,0.174754243
490.001,11,490,490,696.109375,18.005362,0.126037534
491,11,491,491,696.109375,27.02904541,0.189203318
492,13,492,492,696.109375,24.39924078,0.170794685
493.001,14,493,493,696.109375,26.05004735,0.182350331
494,10,494,494,696.109375,34.359443,0.240516101
495,11,495,495,696.109375,27.73381044,0.194136673
496.001,20,496,496,696.109375,34.00998533,0.238069897
497.001,9,497,497,696.109375,34.44425309,0.241109772
498,16,498,498,695.7213542,25.53811302,0.178766791
499.001,7,499,499,695.7213542,27.76284137,0.19433989
500.001,11,500,500,696.109375,22.01352291,0.15409466
501.001,11,501,501,696.109375,24.43000089,0.171010006
502.001,12,502,502,696.109375,19.0001653,0.133001157
503,8,503,503,696.109375,24.98590545,0.174901338
504.001,14,504,504,696.109375,24.04679024,0.168327532
505,9,505,505,696.109375,32.21615485,0.225513084
506.001,13,506,506,696.109375,19.99681451,0.139977702
507.001,11,507,507,696.109375,30.98230601,0.216876142
508,16,508,508,696.109375,23.02967373,0.161207716
509.001,9,509,509,696.109375,39.96841607,0.279778912
510.001,12,510,510,696.109375,17.98662155,0.125906351
511.001,7,511,511,696.109375,36.090392,0.252632744
512.001,12,512,512,696.109375,28.84264772,0.201898534
513,13,513,513,696.109375,26.97299733,0.188810981
514,12,514,514,696.109375,29.03390289,0.20323732
515.001,12,515,515,696.109375,22.212841,0.155489887
516.001,13,516,516,696.109375,27.75437159,0.194280601
517.001,10,517,517,696.109375,25.99716891,0.181980182
518,15,518,518,696.109375,26.02698217,0.182188875
519.001,4,519,519,696.109375,38.87129747,0.272099082
520.001,17,520,520,696.109375,42.02933648,0.294205355
521.001,13,521,521,696.4973958,26.62711652,0.186389816
522.001,9,522,522,696.109375,23.04043366,0.161283036
523.001,16,523,523,696.109375,25.97940872,0.181855861
524.001,11,524,524,696.109375,19.98940761,0.139925853
525.001,12,525,525,696.109375,35.03253822,0.245227768
526.001,12,526,526,696.109375,41.09516619,0.287666163
527.001,13,527,527,696.109375,24.99937252,0.174995608
528,10,528,528,696.109375,32.20924905,0.225464743
529.001,15,529,529,696.109375,26.04087115,0.182286098
530.001,13,530,530,696.109375,36.61852145,0.25632965
531,14,531,531,696.109375,29.98306956,0.209881487
532.001,13,532,532,696.109375,31.08480646,0.217593645
533,10,533,533,696.109375,35.03177733,0.245222441
534,16,534,534,696.109375,38.01130836,0.266079159
535.001,7,535,535,696.109375,31.10604428,0.21774231
535.999,16,536,536,696.109375,32.03392713,0.22423749
537.001,17,537,537,696.109375,25.51671911,0.178617034
538,11,538,538,696.109375,28.03972107,0.196278047
539.001,14,539,539,696.109375,30.97929963,0.216855097
540.001,12,540,540,696.109375,31.96379461,0.223746562
541.001,14,541,541,696.109375,22.04590398,0.154321328
542,22,542,542,696.109375,31.97012711,0.22379089
543,11,543,543,696.109375,29.99552767,0.209968694
544,10,544,544,696.109375,28.87139924,0.202099795
545,6,545,545,696.109375,29.97180652,0.209802646
546,12,546,546,696.109375,28.0181025,0.196126717
547.001,12,547,547,696.109375,27.757259,0.194300813
548.001,16,548,548,696.8854167,24.03721682,0.168260518
549.001,18,549,549,696.109375,22.18837017,0.155318591
550,14,550,550,696.109375,35.52175858,0.24865231
551.001,11,551,551,696.109375,28.03504942,0.196245346
552,11,552,552,696.109375,25.95276338,0.181669344
553,13,553,553,696.109375,26.07380713,0.18251665
554.001,13,554,554,696.109375,35.52481081,0.248673676
555,9,555,555,696.4973958,34.38621712,0.24070352
556.001,14,556,556,696.4973958,30.0118817,0.210083172
557.001,11,557,557,696.109375,18.98760489,0.132913234
558,13,558,558,696.109375,26.65387281,0.18657711
559.001,14,559,559,696.109375,26.03133913,0.182219374
560.001,16,560,560,696.109375,27.99686435,0.19597805
561.001,13,561,561,696.109375,25.01806805,0.175126476
562.001,8,562,562,696.109375,30.97392615,0.216817483
563,16,563,563,696.4973958,21.10254113,0.147717788
564,11,564,564,696.109375,29.02477845,0.203173449
565.001,10,565,565,696.4973958,31.01143392,0.217080037
566.001,14,566,566,696.109375,23.31217106,0.163185197
567.001,17,567,567,696.109375,29.01577297,0.203110411
568.001,11,568,568,696.109375,27.01659359,0.189116155
569,15,569,569,696.109375,32.19700481,0.225379034
570,13,570,570,696.109375,24.99748025,0.174982362
571.001,9,571,571,696.109375,25.98300192,0.181881013
572.001,13,572,572,696.109375,33.28491857,0.23299443
573.001,16,573,573,696.109375,29.98548403,0.209898388
574.001,18,574,574,696.109375,24.44153047,0.171090713
575,15,575,575,696.109375,21.0344123,0.147240886
576,16,576,576,696.109375,33.98912688,0.237923888
577,14,577,577,696.109375,30.01188471,0.210083193
577.999,16,578,578,696.109375,39.04769676,0.273333877
579.001,12,579,579,696.109375,24.40472169,0.170833052
580,9,580,580,696.8854167,33.06819986,0.231477399
581,9,581,581,696.109375,26.57574514,0.186030216
582.001,16,582,582,696.109375,25.02068961,0.175144827
583,16,583,583,696.109375,29.02905518,0.203203386
584.001,15,584,584,696.109375,26.60766565,0.18625366
585.001,15,585,585,696.109375,28.99535494,0.202967485
586,18,586,586,696.109375,32.05614955,0.224393047
587,13,587,587,696.109375,25.04435104,0.175310457
588.001,15,588,588,696.109375,26.64365839,0.186505609
589.001,10,589,589,696.109375,33.22330513,0.232563136
590.001,9,590,590,696.109375,27.03147816,0.189220347
591.001,13,591,591,698.4375,24.01288531,0.168090197
592.001,12,592,592,696.109375,31.99641,0.22397487
593,12,593,593,696.109375,28.01718855,0.19612032
594.001,18,594,594,696.109375,27.74227999,0.19419596
595.001,13,595,595,696.109375,20.00603582,0.140042251
596.001,7,596,596,696.4973958,28.87686969,0.202138088
597,22,597,597,696.109375,27.7747997,0.194423598
598,10,598,598,696.8854167,35.554244,0.248879708
599,7,599,599,696.109375,32.99953801,0.230996766
600,21,600,600,696.109375,28.84336125,0.201903529
,11,601,601,,,
,13,602,602,,,
,14,603,603,,,
,13,604,604,,,
,25,605,605,,,
,12,606,606,,,
,13,607,607,,,
,23,608,608,,,
,12,609,609,,,
,13,610,610,,,
,13,611,611,,,
,12,612,612,,,
,20,613,613,,,
,12,614,614,,,
,12,615,615,,,
,15,616,616,,,
,17,617,617,,,
,17,618,618,,,
,11,619,619,,,
,17,620,620,,,
,9,621,621,,,
,10,622,622,,,
,14,623,623,,,
,19,624,624,,,
,18,625,625,,,
,15,626,626,,,
,19,627,627,,,
,13,628,628,,,
,15,629,629,,,
,12,630,630,,,
,16,631,631,,,
,17,632,632,,,
,23,633,633,,,
,20,634,634,,,
,23,635,635,,,
,20,636,636,,,
,25,637,637,,,
,26,638,638,,,
,23,639,639,,,
,21,640,640,,,
,16,641,641,,,
,17,642,642,,,
,25,643,643,,,
,24,644,644,,,
,18,645,645,,,
,22,646,646,,,
,20,647,647,,,
,12,648,648,,,
,21,649,649,,,
,29,650,650,,,
,24,651,651,,,
,21,652,652,,,
,18,653,653,,,
,29,654,654,,,
,21,655,655,,,
,31,656,656,,,
,17,657,657,,,
,36,658,658,,,
,33,659,659,,,
,31,660,660,,,
,26,661,661,,,
,33,662,662,,,
,30,663,663,,,
,24,664,664,,,
,22,665,665,,,
,26,666,666,,,
,23,667,667,,,
,28,668,668,,,
,28,669,669,,,
,28,670,670,,,
,29,671,671,,,
,23,672,672,,,
,21,673,673,,,
,31,674,674,,,
,36,675,675,,,
,36,676,676,,,
,27,677,677,,,
,24,678,678,,,
,23,679,679,,,
,30,680,680,,,
,31,681,681,,,
,26,682,682,,,
,20,683,683,,,
,22,684,684,,,
,19,685,685,,,
,34,686,686,,,
,21,687,687,,,
,20,688,688,,,
,20,689,689,,,
,25,690,690,,,
,23,691,691,,,
,18,692,692,,,
,20,693,693,,,
,18,694,694,,,
,17,695,695,,,
,10,696,696,,,
,18,697,697,,,
,16,698,698,,,
,16,699,699,,,
,16,700,700,,,
,15,701,701,,,
,9,702,702,,,
,20,703,703,,,
,15,704,704,,,
,11,705,705,,,
,22,706,706,,,
,25,707,707,,,
,11,708,708,,,
,9,709,709,,,
,16,710,710,,,
,12,711,711,,,
,9,712,712,,,
,11,713,713,,,
,9,714,714,,,
,6,715,715,,,
,15,716,716,,,
,11,717,717,,,
,7,718,718,,,
,5,719,719,,,
,5,720,720,,,
,8,721,721,,,
,9,722,722,,,
,5,723,723,,,
,9,724,724,,,
,5,725,725,,,
,3,726,726,,,
,4,727,727,,,
,7,728,728,,,
,4,729,729,,,
,2,730,730,,,
,6,731,731,,,
,6,732,732,,,
,4,733,733,,,
,3,734,734,,,
,4,735,735,,,
,2,736,736,,,
,1,737,737,,,
,4,738,738,,,
,4,739,739,,,
,3,740,740,,,
,5,741,741,,,
,4,742,742,,,
,5,743,743,,,
,2,744,744,,,
,2,745,745,,,
,0,746,746,,,
,3,747,747,,,
,2,748,748,,,
,3,749,749,,,
,0,750,750,,,
,2,751,751,,,
,1,752,752,,,
,5,753,753,,,
,2,754,754,,,
,5,755,755,,,
,1,756,756,,,
,3,757,757,,,
,2,758,758,,,
,3,759,759,,,
,2,760,760,,,
,3,761,761,,,
,3,762,762,,,
,1,763,763,,,
,4,764,764,,,
,3,765,765,,,
,1,766,766,,,
,4,767,767,,,
,1,768,768,,,
,2,769,769,,,
,3,770,770,,,
,0,771,771,,,
,2,772,772,,,
,1,773,773,,,
,2,774,774,,,
,2,775,775,,,
,3,776,776,,,
,1,777,777,,,
,1,778,778,,,
,2,779,779,,,
,1,780,780,,,
,5,781,781,,,
,3,782,782,,,
,0,783,783,,,
,2,784,784,,,
,2,785,785,,,
,0,786,786,,,
,1,787,787,,,
,1,788,788,,,
,1,789,789,,,
,2,790,790,,,
,2,791,791,,,
,2,792,792,,,
,4,793,793,,,
,2,794,794,,,
,1,795,795,,,
,4,796,796,,,
,1,797,797,,,
,2,798,798,,,
,2,799,799,,,
,0,800,800,,,
,0,801,801,,,
,2,802,802,,,
,2,803,803,,,
,1,804,804,,,
,0,805,805,,,
,2,806,806,,,
,0,807,807,,,
,2,808,808,,,
,2,809,809,,,
,2,810,810,,,
,3,811,811,,,
,2,812,812,,,
,2,813,813,,,
,2,814,814,,,
,2,815,815,,,
,2,816,816,,,
,2,817,817,,,
,2,818,818,,,
,2,819,819,,,
,1,820,820,,,
,0,821,821,,,
,3,822,822,,,
,1,823,823,,,
,6,824,824,,,
,0,825,825,,,
,2,826,826,,,
,3,827,827,,,
,0,828,828,,,
,1,829,829,,,
,3,830,830,,,
,2,831,831,,,
,0,832,832,,,
,1,833,833,,,
,2,834,834,,,
,6,835,835,,,
,3,836,836,,,
,1,837,837,,,
,2,838,838,,,
,2,839,839,,,
,0,840,840,,,
,2,841,841,,,
,1,842,842,,,
,1,843,843,,,
,1,844,844,,,
,0,845,845,,,
,1,846,846,,,
,3,847,847,,,
,3,848,848,,,
,0,849,849,,,
,1,850,850,,,
,1,851,851,,,
,0,852,852,,,
,0,853,853,,,
,2,854,854,,,
,4,855,855,,,
,0,856,856,,,
,1,857,857,,,
,1,858,858,,,
,2,859,859,,,
,0,860,860,,,
,0,861,861,,,
,3,862,862,,,
,2,863,863,,,
,1,864,864,,,
,3,865,865,,,
,3,866,866,,,
,2,867,867,,,
,4,868,868,,,
,1,869,869,,,
,3,870,870,,,
,2,871,871,,,
,1,872,872,,,
,7,873,873,,,
,3,874,874,,,
,2,875,875,,,
,2,876,876,,,
,2,877,877,,,
,2,878,878,,,
,1,879,879,,,
,1,880,880,,,
,2,881,881,,,
,1,882,882,,,
,1,883,883,,,
,2,884,884,,,
,1,885,885,,,
,1,886,886,,,
,0,887,887,,,
,2,888,888,,,
,3,889,889,,,
,5,890,890,,,
,1,891,891,,,
,4,892,892,,,
,3,893,893,,,
,2,894,894,,,
,0,895,895,,,
,1,896,896,,,
,3,897,897,,,
,3,898,898,,,
,2,899,899,,,
,4,900,900,,,
,2,901,901,,,
,6,902,902,,,
,2,903,903,,,
,1,904,904,,,
,2,905,905,,,
,0,906,906,,,
,1,907,907,,,
,2,908,908,,,
,0,909,909,,,
,0,910,910,,,
,1,911,911,,,
,1,912,912,,,
,2,913,913,,,
,1,914,914,,,
,1,915,915,,,
,1,916,916,,,
,2,917,917,,,
,3,918,918,,,
,4,919,919,,,
,2,920,920,,,
,0,921,921,,,
,3,922,922,,,
,2,923,923,,,
,0,924,924,,,
,2,925,925,,,
,3,926,926,,,
,2,927,927,,,
,2,928,928,,,
,0,929,929,,,
,2,930,930,,,
,1,931,931,,,
,0,932,932,,,
,2,933,933,,,
,0,934,934,,,
,4,935,935,,,
,2,936,936,,,
,4,937,937,,,
,3,938,938,,,
,1,939,939,,,
,5,940,940,,,
,1,941,941,,,
,2,942,942,,,
,2,943,943,,,
,6,944,944,,,
,3,945,945,,,
,2,946,946,,,
,0,947,947,,,
,2,948,948,,,
,0,949,949,,,
,2,950,950,,,
,1,951,951,,,
,1,952,952,,,
,0,953,953,,,
,2,954,954,,,
,2,955,955,,,
,1,956,956,,,
,1,957,957,,,
,2,958,958,,,
,1,959,959,,,
,0,960,960,,,
,1,961,961,,,
,2,962,962,,,
,1,963,963,,,
,2,964,964,,,
,3,965,965,,,
,4,966,966,,,
,2,967,967,,,
,1,968,968,,,
,3,969,969,,,
,2,970,970,,,
,2,971,971,,,
,3,972,972,,,
,2,973,973,,,
,1,974,974,,,
,3,975,975,,,
,0,976,976,,,
,1,977,977,,,
,1,978,978,,,
,1,979,979,,,
,3,980,980,,,
,0,981,981,,,
,1,982,982,,,
,1,983,983,,,
,2,984,984,,,
,1,985,985,,,
,2,986,986,,,
,3,987,987,,,
,1,988,988,,,
,2,989,989,,,
,0,990,990,,,
,2,991,991,,,
,0,992,992,,,
,2,993,993,,,
,0,994,994,,,
,2,995,995,,,
,0,996,996,,,
,3,997,997,,,
,1,998,998,,,
,0,999,999,,,
,1,1000,1000,,,
,1,1001,1001,,,
,0,1002,1002,,,
,1,1003,1003,,,
,0,1004,1004,,,
,1,1005,1005,,,
,0,1006,1006,,,
,4,1007,1007,,,
,0,1008,1008,,,
,0,1009,1009,,,
,1,1010,1010,,,
,1,1011,1011,,,
,1,1012,1012,,,
,0,1013,1013,,,
,1,1014,1014,,,
,2,1015,1015,,,
,0,1016,1016,,,
,3,1017,1017,,,
,3,1018,1018,,,
,2,1019,1019,,,
,1,1020,1020,,,
,2,1021,1021,,,
,2,1022,1022,,,
,1,1023,1023,,,
,0,1024,1024,,,
,1,1025,1025,,,
,1,1026,1026,,,
,1,1027,1027,,,
,5,1028,1028,,,
,0,1029,1029,,,
,1,1030,1030,,,
,1,1031,1031,,,
,0,1032,1032,,,
,3,1033,1033,,,
,0,1034,1034,,,
,1,1035,1035,,,
,2,1036,1036,,,
,0,1037,1037,,,
,0,1038,1038,,,
,0,1039,1039,,,
,1,1040,1040,,,
,1,1041,1041,,,
,1,1042,1042,,,
,2,1043,1043,,,
,2,1044,1044,,,
,1,1045,1045,,,
,1,1046,1046,,,
,1,1047,1047,,,
,1,1048,1048,,,
,1,1049,1049,,,
,0,1050,1050,,,
,4,1051,1051,,,
,2,1052,1052,,,
,1,1053,1053,,,
,3,1054,1054,,,
,0,1055,1055,,,
,0,1056,1056,,,
,1,1057,1057,,,
,0,1058,1058,,,
,2,1059,1059,,,
,2,1060,1060,,,
,2,1061,1061,,,
,1,1062,1062,,,
,3,1063,1063,,,
,2,1064,1064,,,
,2,1065,1065,,,
,1,1066,1066,,,
,2,1067,1067,,,
,1,1068,1068,,,
,2,1069,1069,,,
,2,1070,1070,,,
,5,1071,1071,,,
,3,1072,1072,,,
,2,1073,1073,,,
,1,1074,1074,,,
,1,1075,1075,,,
,2,1076,1076,,,
,0,1077,1077,,,
,3,1078,1078,,,
,0,1079,1079,,,
,4,1080,1080,,,
,0,1081,1081,,,
,2,1082,1082,,,
,0,1083,1083,,,
,1,1084,1084,,,
,1,1085,1085,,,
,6,1086,1086,,,
,1,1087,1087,,,
,4,1088,1088,,,
,4,1089,1089,,,
,3,1090,1090,,,
,3,1091,1091,,,
,2,1092,1092,,,
,1,1093,1093,,,
,1,1094,1094,,,
,2,1095,1095,,,
,0,1096,1096,,,
,1,1097,1097,,,
,0,1098,1098,,,
,4,1099,1099,,,
,2,1100,1100,,,
,1,1101,1101,,,
,5,1102,1102,,,
,1,1103,1103,,,
,0,1104,1104,,,
,1,1105,1105,,,
,2,1106,1106,,,
,1,1107,1107,,,
,1,1108,1108,,,
,4,1109,1109,,,
,3,1110,1110,,,
,3,1111,1111,,,
,0,1112,1112,,,
,3,1113,1113,,,
,2,1114,1114,,,
,1,1115,1115,,,
,2,1116,1116,,,
,0,1117,1117,,,
,1,1118,1118,,,
,1,1119,1119,,,
,1,1120,1120,,,
,0,1121,1121,,,
,0,1122,1122,,,
,1,1123,1123,,,
,0,1124,1124,,,
,1,1125,1125,,,
,3,1126,1126,,,
,1,1127,1127,,,
,1,1128,1128,,,
,0,1129,1129,,,
,2,1130,1130,,,
,2,1131,1131,,,
,0,1132,1132,,,
,1,1133,1133,,,
,0,1134,1134,,,
,0,1135,1135,,,
,2,1136,1136,,,
,1,1137,1137,,,
,3,1138,1138,,,
,2,1139,1139,,,
,2,1140,1140,,,
,1,1141,1141,,,
,2,1142,1142,,,
,1,1143,1143,,,
,1,1144,1144,,,
,1,1145,1145,,,
,2,1146,1146,,,
,0,1147,1147,,,
,0,1148,1148,,,
,1,1149,1149,,,
,2,1150,1150,,,
,2,1151,1151,,,
,2,1152,1152,,,
,2,1153,1153,,,
,1,1154,1154,,,
,3,1155,1155,,,
,1,1156,1156,,,
,1,1157,1157,,,
,2,1158,1158,,,
,0,1159,1159,,,
,0,1160,1160,,,
,1,1161,1161,,,
,0,1162,1162,,,
,0,1163,1163,,,
,1,1164,1164,,,
,1,1165,1165,,,
,1,1166,1166,,,
,2,1167,1167,,,
,3,1168,1168,,,
,1,1169,1169,,,
,0,1170,1170,,,
,2,1171,1171,,,
,1,1172,1172,,,
,0,1173,1173,,,
,0,1174,1174,,,
,2,1175,1175,,,
,0,1176,1176,,,
,2,1177,1177,,,
,0,1178,1178,,,
,2,1179,1179,,,
,1,1180,1180,,,
,1,1181,1181,,,
,1,1182,1182,,,
,0,1183,1183,,,
,1,1184,1184,,,
,1,1185,1185,,,
,1,1186,1186,,,
,0,1187,1187,,,
,0,1188,1188,,,
,2,1189,1189,,,
,0,1190,1190,,,
,0,1191,1191,,,
,3,1192,1192,,,
,0,1193,1193,,,
,1,1194,1194,,,
,1,1195,1195,,,
,2,1196,1196,,,
,1,1197,1197,,,
,2,1198,1198,,,
,2,1199,1199,,,
,0,1200,1200,,,
,1,1201,1201,,,
,0,1202,1202,,,
,0,1203,1203,,,
,2,1204,1204,,,
,0,1205,1205,,,
,0,1206,1206,,,
,2,1207,1207,,,
,0,1208,1208,,,
,0,1209,1209,,,
,1,1210,1210,,,
,0,1211,1211,,,
,0,1212,1212,,,
,0,1213,1213,,,
,0,1214,1214,,,
,2,1215,1215,,,
,0,1216,1216,,,
,2,1217,1217,,,
,1,1218,1218,,,
,1,1219,1219,,,
,1,1220,1220,,,
,0,1221,1221,,,
,0,1222,1222,,,
,2,1223,1223,,,
,2,1224,1224,,,
,3,1225,1225,,,
,0,1226,1226,,,
,1,1227,1227,,,
,1,1228,1228,,,
,0,1229,1229,,,
,1,1230,1230,,,
,2,1231,1231,,,
,2,1232,1232,,,
,0,1233,1233,,,
,0,1234,1234,,,
,1,1235,1235,,,
,0,1236,1236,,,
,1,1237,1237,,,
,0,1238,1238,,,
,3,1239,1239,,,
,1,1240,1240,,,
,0,1241,1241,,,
,1,1242,1242,,,
,1,1243,1243,,,
,0,1244,1244,,,
,0,1245,1245,,,
,0,1246,1246,,,
,0,1247,1247,,,
,2,1248,1248,,,
,2,1249,1249,,,
,2,1250,1250,,,
,2,1251,1251,,,
,1,1252,1252,,,
,1,1253,1253,,,
,0,1254,1254,,,
,1,1255,1255,,,
,2,1256,1256,,,
,1,1257,1257,,,
,1,1258,1258,,,
,0,1259,1259,,,
,1,1260,1260,,,
,2,1261,1261,,,
,1,1262,1262,,,
,0,1263,1263,,,
,1,1264,1264,,,
,1,1265,1265,,,
,0,1266,1266,,,
,0,1267,1267,,,
,2,1268,1268,,,
,0,1269,1269,,,
,2,1270,1270,,,
,1,1271,1271,,,
,2,1272,1272,,,
,0,1273,1273,,,
,1,1274,1274,,,
,0,1275,1275,,,
,0,1276,1276,,,
,2,1277,1277,,,
,0,1278,1278,,,
,2,1279,1279,,,
,0,1280,1280,,,
,2,1281,1281,,,
,0,1282,1282,,,
,0,1283,1283,,,
,1,1284,1284,,,
,1,1285,1285,,,
,0,1286,1286,,,
,0,1287,1287,,,
,0,1288,1288,,,
,0,1289,1289,,,
,0,1290,1290,,,
,1,1291,1291,,,
,0,1292,1292,,,
,0,1293,1293,,,
,1,1294,1294,,,
,0,1295,1295,,,
,1,1296,1296,,,
,0,1297,1297,,,
,0,1298,1298,,,
,1,1299,1299,,,
,1,1300,1300,,,
,0,1301,1301,,,
,0,1302,1302,,,
,0,1303,1303,,,
,0,1304,1304,,,
,2,1305,1305,,,
,0,1306,1306,,,
,0,1307,1307,,,
,0,1308,1308,,,
,0,1309,1309,,,
,0,1310,1310,,,
,2,1311,1311,,,
,4,1312,1312,,,
,1,1313,1313,,,
,1,1314,1314,,,
,0,1315,1315,,,
,1,1316,1316,,,
,3,1317,1317,,,
,3,1318,1318,,,
,0,1319,1319,,,
,0,1320,1320,,,
,0,1321,1321,,,
,1,1322,1322,,,
,0,1323,1323,,,
,1,1324,1324,,,
,0,1325,1325,,,
,0,1326,1326,,,
,0,1327,1327,,,
,0,1328,1328,,,
,1,1329,1329,,,
,0,1330,1330,,,
,0,1331,1331,,,
,2,1332,1332,,,
,0,1333,1333,,,
,0,1334,1334,,,
,2,1335,1335,,,
,1,1336,1336,,,
,3,1337,1337,,,
,0,1338,1338,,,
,0,1339,1339,,,
,3,1340,1340,,,
,1,1341,1341,,,
,0,1342,1342,,,
,0,1343,1343,,,
,0,1344,1344,,,
,0,1345,1345,,,
,2,1346,1346,,,
,2,1347,1347,,,
,1,1348,1348,,,
,2,1349,1349,,,
,0,1350,1350,,,
,0,1351,1351,,,
,0,1352,1352,,,
,2,1353,1353,,,
,0,1354,1354,,,
,1,1355,1355,,,
,0,1356,1356,,,
,1,1357,1357,,,
,1,1358,1358,,,
,0,1359,1359,,,
,0,1360,1360,,,
,0,1361,1361,,,
,2,1362,1362,,,
,1,1363,1363,,,
,1,1364,1364,,,
,0,1365,1365,,,
,0,1366,1366,,,
,0,1367,1367,,,
,0,1368,1368,,,
,0,1369,1369,,,
,1,1370,1370,,,
,0,1371,1371,,,
,0,1372,1372,,,
,3,1373,1373,,,
,0,1374,1374,,,
,0,1375,1375,,,
,1,1376,1376,,,
,0,1377,1377,,,
,0,1378,1378,,,
,1,1379,1379,,,
,0,1380,1380,,,
,1,1381,1381,,,
,4,1382,1382,,,
,2,1383,1383,,,
,0,1384,1384,,,
,1,1385,1385,,,
,1,1386,1386,,,
,2,1387,1387,,,
,1,1388,1388,,,
,2,1389,1389,,,
,1,1390,1390,,,
,1,1391,1391,,,
,0,1392,1392,,,
,1,1393,1393,,,
,1,1394,1394,,,
,2,1395,1395,,,
,0,1396,1396,,,
,0,1397,1397,,,
,1,1398,1398,,,
,1,1399,1399,,,
,2,1400,1400,,,
,0,1401,1401,,,
,0,1402,1402,,,
,1,1403,1403,,,
,1,1404,1404,,,
,2,1405,1405,,,
,2,1406,1406,,,
,1,1407,1407,,,
,2,1408,1408,,,
,1,1409,1409,,,
,1,1410,1410,,,
,0,1411,1411,,,
,2,1412,1412,,,
,1,1413,1413,,,
,1,1414,1414,,,
,0,1415,1415,,,
,1,1416,1416,,,
,1,1417,1417,,,
,1,1418,1418,,,
,1,1419,1419,,,
,3,1420,1420,,,
,0,1421,1421,,,
,1,1422,1422,,,
,0,1423,1423,,,
,0,1424,1424,,,
,2,1425,1425,,,
,1,1426,1426,,,
,0,1427,1427,,,
,3,1428,1428,,,
,2,1429,1429,,,
,1,1430,1430,,,
,3,1431,1431,,,
,0,1432,1432,,,
,2,1433,1433,,,
,1,1434,1434,,,
,0,1435,1435,,,
,1,1436,1436,,,
,5,1437,1437,,,
,0,1438,1438,,,
,1,1439,1439,,,
,1,1440,1440,,,
,1,1441,1441,,,
,0,1442,1442,,,
,1,1443,1443,,,
,0,1444,1444,,,
,1,1445,1445,,,
,1,1446,1446,,,
,1,1447,1447,,,
,2,1448,1448,,,
,2,1449,1449,,,
,0,1450,1450,,,
,0,1451,1451,,,
,0,1452,1452,,,
,3,1453,1453,,,
,0,1454,1454,,,
,0,1455,1455,,,
,2,1456,1456,,,
,1,1457,1457,,,
,2,1458,1458,,,
,2,1459,1459,,,
,4,1460,1460,,,
,2,1461,1461,,,
,1,1462,1462,,,
,1,1463,1463,,,
,0,1464,1464,,,
,0,1465,1465,,,
,1,1466,1466,,,
,1,1467,1467,,,
,0,1468,1468,,,
,0,1469,1469,,,
,2,1470,1470,,,
,3,1471,1471,,,
,1,1472,1472,,,
,1,1473,1473,,,
,1,1474,1474,,,
,4,1475,1475,,,
,1,1476,1476,,,
,1,1477,1477,,,
,2,1478,1478,,,
,0,1479,1479,,,
,2,1480,1480,,,
,1,1481,1481,,,
,1,1482,1482,,,
,0,1483,1483,,,
,1,1484,1484,,,
,0,1485,1485,,,
,3,1486,1486,,,
,0,1487,1487,,,
,2,1488,1488,,,
,0,1489,1489,,,
,2,1490,1490,,,
,0,1491,1491,,,
,2,1492,1492,,,
,0,1493,1493,,,
,3,1494,1494,,,
,2,1495,1495,,,
,0,1496,1496,,,
,3,1497,1497,,,
,0,1498,1498,,,
,1,1499,1499,,,
,0,1500,1500,,,
,0,1501,1501,,,
,0,1502,1502,,,
,0,1503,1503,,,
,0,1504,1504,,,
,1,1505,1505,,,
,0,1506,1506,,,
,0,1507,1507,,,
,0,1508,1508,,,
,0,1509,1509,,,
,0,1510,1510,,,
,1,1511,1511,,,
,0,1512,1512,,,
,1,1513,1513,,,
,0,1514,1514,,,
,0,1515,1515,,,
,2,1516,1516,,,
,1,1517,1517,,,
,0,1518,1518,,,
,0,1519,1519,,,
,0,1520,1520,,,
,0,1521,1521,,,
,0,1522,1522,,,
,0,1523,1523,,,
,0,1524,1524,,,
,0,1525,1525,,,
,0,1526,1526,,,
,0,1527,1527,,,
,0,1528,1528,,,
,0,1529,1529,,,
,0,1530,1530,,,
,0,1531,1531,,,
,2,1532,1532,,,
,0,1533,1533,,,
,0,1534,1534,,,
,0,1535,1535,,,
,0,1536,1536,,,
,0,1537,1537,,,
,1,1538,1538,,,
,1,1539,1539,,,
,0,1540,1540,,,
,1,1541,1541,,,
,0,1542,1542,,,
,0,1543,1543,,,
,0,1544,1544,,,
,1,1545,1545,,,
,0,1546,1546,,,
,1,1547,1547,,,
,1,1548,1548,,,
,0,1549,1549,,,
,0,1550,1550,,,
,0,1551,1551,,,
,0,1552,1552,,,
,1,1553,1553,,,
,1,1554,1554,,,
,1,1555,1555,,,
,1,1556,1556,,,
,1,1557,1557,,,
,0,1558,1558,,,
,0,1559,1559,,,
,0,1560,1560,,,
,1,1561,1561,,,
,3,1562,1562,,,
,0,1563,1563,,,
,0,1564,1564,,,
,0,1565,1565,,,
,0,1566,1566,,,
,0,1567,1567,,,
,0,1568,1568,,,
,0,1569,1569,,,
,0,1570,1570,,,
,0,1571,1571,,,
,0,1572,1572,,,
,2,1573,1573,,,
,0,1574,1574,,,
,0,1575,1575,,,
,0,1576,1576,,,
,2,1577,1577,,,
,0,1578,1578,,,
,2,1579,1579,,,
,2,1580,1580,,,
,0,1581,1581,,,
,0,1582,1582,,,
,0,1583,1583,,,
,0,1584,1584,,,
,0,1585,1585,,,
,1,1586,1586,,,
,0,1587,1587,,,
,0,1588,1588,,,
,0,1589,1589,,,
,0,1590,1590,,,
,0,1591,1591,,,
,0,1592,1592,,,
,0,1593,1593,,,
,0,1594,1594,,,
,0,1595,1595,,,
,0,1596,1596,,,
,0,1597,1597,,,
,0,1598,1598,,,
,0,1599,1599,,,
,1,1600,1600,,,
,0,1601,1601,,,
,0,1602,1602,,,
,0,1603,1603,,,
,0,1604,1604,,,
,0,1605,1605,,,
,0,1606,1606,,,
,0,1607,1607,,,
,0,1608,1608,,,
,1,1609,1609,,,
,0,1610,1610,,,
,0,1611,1611,,,
,0,1612,1612,,,
,0,1613,1613,,,
,1,1614,1614,,,
,0,1615,1615,,,
,0,1616,1616,,,
,0,1617,1617,,,
,0,1618,1618,,,
,0,1619,1619,,,
,0,1620,1620,,,
,0,1621,1621,,,
,1,1622,1622,,,
,0,1623,1623,,,
,0,1624,1624,,,
,0,1625,1625,,,
,0,1626,1626,,,
,2,1627,1627,,,
,0,1628,1628,,,
,0,1629,1629,,,
,0,1630,1630,,,
,0,1631,1631,,,
,0,1632,1632,,,
,0,1633,1633,,,
,0,1634,1634,,,
,0,1635,1635,,,
,0,1636,1636,,,
,0,1637,1637,,,
,0,1638,1638,,,
,0,1639,1639,,,
,3,1640,1640,,,
,1,1641,1641,,,
,0,1642,1642,,,
,1,1643,1643,,,
,0,1644,1644,,,
,0,1645,1645,,,
,0,1646,1646,,,
,0,1647,1647,,,
,1,1648,1648,,,
,0,1649,1649,,,
,0,1650,1650,,,
,0,1651,1651,,,
,0,1652,1652,,,
,0,1653,1653,,,
,1,1654,1654,,,
,0,1655,1655,,,
,1,1656,1656,,,
,1,1657,1657,,,
,0,1658,1658,,,
,0,1659,1659,,,
,0,1660,1660,,,
,0,1661,1661,,,
,0,1662,1662,,,
,1,1663,1663,,,
,0,1664,1664,,,
,0,1665,1665,,,
,0,1666,1666,,,
,0,1667,1667,,,
,0,1668,1668,,,
,0,1669,1669,,,
,0,1670,1670,,,
,1,1671,1671,,,
,0,1672,1672,,,
,0,1673,1673,,,
,0,1674,1674,,,
,0,1675,1675,,,
,0,1676,1676,,,
,0,1677,1677,,,
,1,1678,1678,,,
,1,1679,1679,,,
,0,1680,1680,,,
,0,1681,1681,,,
,0,1682,1682,,,
,0,1683,1683,,,
,1,1684,1684,,,
,0,1685,1685,,,
,1,1686,1686,,,
,0,1687,1687,,,
,0,1688,1688,,,
,0,1689,1689,,,
,0,1690,1690,,,
,0,1691,1691,,,
,0,1692,1692,,,
,0,1693,1693,,,
,0,1694,1694,,,
,0,1695,1695,,,
,0,1696,1696,,,
,0,1697,1697,,,
,0,1698,1698,,,
,0,1699,1699,,,
,0,1700,1700,,,
,0,1701,1701,,,
,0,1702,1702,,,
,0,1703,1703,,,
,1,1704,1704,,,
,0,1705,1705,,,
,0,1706,1706,,,
,0,1707,1707,,,
,0,1708,1708,,,
,0,1709,1709,,,
,0,1710,1710,,,
,0,1711,1711,,,
,0,1712,1712,,,
,1,1713,1713,,,
,0,1714,1714,,,
,0,1715,1715,,,
,1,1716,1716,,,
,0,1717,1717,,,
,0,1718,1718,,,
,0,1719,1719,,,
,0,1720,1720,,,
,2,1721,1721,,,
,0,1722,1722,,,
,1,1723,1723,,,
,0,1724,1724,,,
,0,1725,1725,,,
,1,1726,1726,,,
,1,1727,1727,,,
,0,1728,1728,,,
,0,1729,1729,,,
,0,1730,1730,,,
,1,1731,1731,,,
,2,1732,1732,,,
,1,1733,1733,,,
,0,1734,1734,,,
,0,1735,1735,,,
,0,1736,1736,,,
,0,1737,1737,,,
,0,1738,1738,,,
,0,1739,1739,,,
,0,1740,1740,,,
,0,1741,1741,,,
,0,1742,1742,,,
,0,1743,1743,,,
,1,1744,1744,,,
,1,1745,1745,,,
,0,1746,1746,,,
,0,1747,1747,,,
,0,1748,1748,,,
,0,1749,1749,,,
,1,1750,1750,,,
,0,1751,1751,,,
,0,1752,1752,,,
,0,1753,1753,,,
,0,1754,1754,,,
,0,1755,1755,,,
,0,1756,1756,,,
,0,1757,1757,,,
,0,1758,1758,,,
,1,1759,1759,,,
,0,1760,1760,,,
,0,1761,1761,,,
,1,1762,1762,,,
,0,1763,1763,,,
,0,1764,1764,,,
,0,1765,1765,,,
,0,1766,1766,,,
,1,1767,1767,,,
,0,1768,1768,,,
,0,1769,1769,,,
,0,1770,1770,,,
,0,1771,1771,,,
,1,1772,1772,,,
,0,1773,1773,,,
,1,1774,1774,,,
,1,1775,1775,,,
,0,1776,1776,,,
,0,1777,1777,,,
,0,1778,1778,,,
,0,1779,1779,,,
,0,1780,1780,,,
,0,1781,1781,,,
,0,1782,1782,,,
,0,1783,1783,,,
,0,1784,1784,,,
,0,1785,1785,,,
,0,1786,1786,,,
,0,1787,1787,,,
,0,1788,1788,,,
,0,1789,1789,,,
,0,1790,1790,,,
,0,1791,1791,,,
,0,1792,1792,,,
,0,1793,1793,,,
,0,1794,1794,,,
,0,1795,1795,,,
,1,1796,1796,,,
,0,1797,1797,,,
,0,1798,1798,,,
,0,1799,1799,,,
,0,1800,1800,,,
,0,1801,1801,,,
,0,1802,1802,,,
,0,1803,1803,,,
,1,1804,1804,,,
,0,1805,1805,,,
,0,1806,1806,,,
,0,1807,1807,,,
,0,1808,1808,,,
,0,1809,1809,,,
,1,1810,1810,,,
,2,1811,1811,,,
,1,1812,1812,,,
,0,1813,1813,,,
,0,1814,1814,,,
,1,1815,1815,,,
,0,1816,1816,,,
,0,1817,1817,,,
,0,1818,1818,,,
,1,1819,1819,,,
,0,1820,1820,,,
,0,1821,1821,,,
,0,1822,1822,,,
,0,1823,1823,,,
,0,1824,1824,,,
,0,1825,1825,,,
,0,1826,1826,,,
,0,1827,1827,,,
,1,1828,1828,,,
,0,1829,1829,,,
,1,1830,1830,,,
,0,1831,1831,,,
,0,1832,1832,,,
,1,1833,1833,,,
,0,1834,1834,,,
,1,1835,1835,,,
,1,1836,1836,,,
,0,1837,1837,,,
,0,1838,1838,,,
,0,1839,1839,,,
,1,1840,1840,,,
,0,1841,1841,,,
,0,1842,1842,,,
,0,1843,1843,,,
,1,1844,1844,,,
,0,1845,1845,,,
,0,1846,1846,,,
,0,1847,1847,,,
,0,1848,1848,,,
,0,1849,1849,,,
,2,1850,1850,,,
,0,1851,1851,,,
,0,1852,1852,,,
,0,1853,1853,,,
,0,1854,1854,,,
,0,1855,1855,,,
,1,1856,1856,,,
,0,1857,1857,,,
,0,1858,1858,,,
,0,1859,1859,,,
,0,1860,1860,,,
,0,1861,1861,,,
,0,1862,1862,,,
,0,1863,1863,,,
,2,1864,1864,,,
,1,1865,1865,,,
,0,1866,1866,,,
,0,1867,1867,,,
,0,1868,1868,,,
,0,1869,1869,,,
,0,1870,1870,,,
,1,1871,1871,,,
,0,1872,1872,,,
,0,1873,1873,,,
,0,1874,1874,,,
,0,1875,1875,,,
,0,1876,1876,,,
,2,1877,1877,,,
,0,1878,1878,,,
,1,1879,1879,,,
,1,1880,1880,,,
,0,1881,1881,,,
,1,1882,1882,,,
,0,1883,1883,,,
,0,1884,1884,,,
,0,1885,1885,,,
,0,1886,1886,,,
,0,1887,1887,,,
,1,1888,1888,,,
,0,1889,1889,,,
,0,1890,1890,,,
,0,1891,1891,,,
,0,1892,1892,,,
,0,1893,1893,,,
,0,1894,1894,,,
,0,1895,1895,,,
,0,1896,1896,,,
,1,1897,1897,,,
,0,1898,1898,,,
,1,1899,1899,,,
,0,1900,1900,,,
,1,1901,1901,,,
,0,1902,1902,,,
,0,1903,1903,,,
,0,1904,1904,,,
,1,1905,1905,,,
,0,1906,1906,,,
,0,1907,1907,,,
,0,1908,1908,,,
,0,1909,1909,,,
,3,1910,1910,,,
,0,1911,1911,,,
,0,1912,1912,,,
,0,1913,1913,,,
,0,1914,1914,,,
,0,1915,1915,,,
,0,1916,1916,,,
,0,1917,1917,,,
,0,1918,1918,,,
,0,1919,1919,,,
,2,1920,1920,,,
,0,1921,1921,,,
,1,1922,1922,,,
,0,1923,1923,,,
,1,1924,1924,,,
,0,1925,1925,,,
,0,1926,1926,,,
,0,1927,1927,,,
,1,1928,1928,,,
,0,1929,1929,,,
,0,1930,1930,,,
,0,1931,1931,,,
,0,1932,1932,,,
,0,1933,1933,,,
,0,1934,1934,,,
,0,1935,1935,,,
,0,1936,1936,,,
,0,1937,1937,,,
,0,1938,1938,,,
,0,1939,1939,,,
,0,1940,1940,,,
,0,1941,1941,,,
,0,1942,1942,,,
,2,1943,1943,,,
,0,1944,1944,,,
,0,1945,1945,,,
,0,1946,1946,,,
,0,1947,1947,,,
,0,1948,1948,,,
,0,1949,1949,,,
,0,1950,1950,,,
,0,1951,1951,,,
,0,1952,1952,,,
,1,1953,1953,,,
,0,1954,1954,,,
,0,1955,1955,,,
,0,1956,1956,,,
,0,1957,1957,,,
,0,1958,1958,,,
,0,1959,1959,,,
,0,1960,1960,,,
,0,1961,1961,,,
,0,1962,1962,,,
,0,1963,1963,,,
,0,1964,1964,,,
,0,1965,1965,,,
,1,1966,1966,,,
,0,1967,1967,,,
,0,1968,1968,,,
,1,1969,1969,,,
,0,1970,1970,,,
,0,1971,1971,,,
,0,1972,1972,,,
,0,1973,1973,,,
,0,1974,1974,,,
,0,1975,1975,,,
,0,1976,1976,,,
,0,1977,1977,,,
,0,1978,1978,,,
,0,1979,1979,,,
,0,1980,1980,,,
,0,1981,1981,,,
,0,1982,1982,,,
,0,1983,1983,,,
,0,1984,1984,,,
,0,1985,1985,,,
,0,1986,1986,,,
,0,1987,1987,,,
,0,1988,1988,,,
,1,1989,1989,,,
,0,1990,1990,,,
,0,1991,1991,,,
,0,1992,1992,,,
,0,1993,1993,,,
,0,1994,1994,,,
,1,1995,1995,,,
,0,1996,1996,,,
,0,1997,1997,,,
,0,1998,1998,,,
,0,1999,1999,,,
,0,2000,2000,,,
,0,2001,2001,,,
,0,2002,2002,,,
,0,2003,2003,,,
,0,2004,2004,,,
,0,2005,2005,,,
,0,2006,2006,,,
,1,2007,2007,,,
,0,2008,2008,,,
,0,2009,2009,,,
,0,2010,2010,,,
,0,2011,2011,,,
,1,2012,2012,,,
,1,2013,2013,,,
,0,2014,2014,,,
,0,2015,2015,,,
,0,2016,2016,,,
,0,2017,2017,,,
,0,2018,2018,,,
,2,2019,2019,,,
,2,2020,2020,,,
,0,2021,2021,,,
,0,2022,2022,,,
,1,2023,2023,,,
,1,2024,2024,,,
,0,2025,2025,,,
,0,2026,2026,,,
,0,2027,2027,,,
,0,2028,2028,,,
,0,2029,2029,,,
,0,2030,2030,,,
,0,2031,2031,,,
,0,2032,2032,,,
,0,2033,2033,,,
,0,2034,2034,,,
,0,2035,2035,,,
,1,2036,2036,,,
,0,2037,2037,,,
,0,2038,2038,,,
,0,2039,2039,,,
,0,2040,2040,,,
,0,2041,2041,,,
,1,2042,2042,,,
,0,2043,2043,,,
,0,2044,2044,,,
,0,2045,2045,,,
,0,2046,2046,,,
,22,2047,2047,,,
