Time t / s,Events N,Channel n,Energy E / keV,Rate R / 1/s,Dead time t / %,Voltage U / V
0,0,0,0,,,696.109375
1,0,1,1,7.37259471730418,0.0516081630211292,697.2734375
2.001,0,2,2,18.0121455897712,0.126085019128398,696.885416666667
3,0,3,3,22.2076244104431,0.155453370873102,697.2734375
4,0,4,4,16.9945141708257,0.11896159919578,697.2734375
5.001,0,5,5,20.9932149929143,0.1469525049504,697.2734375
6,0,6,6,25.0418524479963,0.175292967135974,697.2734375
7,0,7,7,18.8562424477976,0.131993697134583,696.885416666667
8.001,0,8,8,20.9931751187689,0.146952225831382,696.497395833333
9.001,0,9,9,22.0142167811973,0.154099517468381,697.2734375
10,0,10,10,17.0114367889532,0.119080057522673,697.2734375
11.001,0,11,11,18.0121185533627,0.126084829873539,697.2734375
12,0,12,12,18.8556045567119,0.131989231896984,697.2734375
13,5,13,13,12.2142029194388,0.0854994204360715,697.2734375
14.001,4,14,14,22.20779949022,0.15545459643154,696.497395833333
15,12,15,15,22.0154063813857,0.1541078446697,696.109375
16,10,16,16,14.0089825596172,0.0980628779173206,696.109375
17.001,7,17,17,18.0121780335685,0.126085246234979,696.497395833333
18.001,4,18,18,15.9788679471399,0.111852075629979,696.109375
19,6,19,19,17.765989057039,0.124361923399273,696.109375
20.001,7,20,20,15.0251310341677,0.105175917239174,696.109375
21.001,8,21,21,11.9961816153918,0.0839732713077428,696.109375
22,9,22,22,16.9945022785129,0.11896151594959,696.885416666667
23.001,3,23,23,27.7604829968707,0.194323380978095,696.109375
24.001,5,24,24,17.0284698988238,0.119199289291767,696.497395833333
25,8,25,25,26.9635695212199,0.188744986648539,696.497395833333
26,5,26,26,22.0154834895382,0.154108384426767,697.2734375
27.001,8,27,27,15.0101017985104,0.105070712589573,696.109375
28.001,8,28,28,18.9938630828379,0.132957041579866,697.2734375
29,3,29,29,19.9641311111037,0.139748917777726,696.497395833333
30.001,7,30,30,13.021755446825,0.0911522881277751,696.497395833333
31.001,7,31,31,26.6501998043209,0.186551398630246,697.2734375
32,12,32,32,17.9762461882868,0.125833723318008,697.2734375
33.001,8,33,33,26.0425378813754,0.182297765169628,696.885416666667
34.001,8,34,34,13.3099580891603,0.0931697066241221,696.885416666667
35,13,35,35,17.0114980715466,0.119080486500826,696.885416666667
36.001,12,36,36,25.5396216693696,0.178777351685587,697.2734375
37.001,10,37,37,14.4344093223189,0.101040865256232,697.2734375
38,14,38,38,22.037494593301,0.154262462153107,696.497395833333
39,13,39,39,22.2068501470649,0.155447951029454,696.885416666667
40,12,40,40,25.9916177032907,0.181941323923035,696.109375
41,8,41,41,21.0974235715295,0.147681965000707,696.497395833333
42.001,10,42,42,24.0408694781128,0.16828608634679,696.109375
43.001,12,43,43,17.9936248587126,0.125955374010988,696.109375
44,11,44,44,9.99334776150676,0.0699534343305473,696.885416666667
45.001,16,45,45,17.7663125840569,0.124364188088398,696.497395833333
46.001,20,46,46,13.3244207763252,0.0932709454342762,696.109375
47,17,47,47,18.0302457372242,0.126211720160569,696.497395833333
48.001,11,48,48,17.7662790471722,0.124363953330206,696.109375
49.001,11,49,49,17.7464513474936,0.124225159432455,696.109375
50,10,50,50,29.0195301437868,0.203136711006507,696.109375
51.001,14,51,51,25.5104841989725,0.178573389392807,696.109375
52.001,11,52,52,26.0695980057961,0.182487186040573,696.109375
53,11,53,53,16.656308293609,0.116594158055263,696.109375
54.001,11,54,54,20.9925539411171,0.14694787758782,696.109375
55,12,55,55,19.9869196714595,0.139908437700216,696.109375
56,12,56,56,11.9961144585269,0.0839728012096882,696.497395833333
57.001,15,57,57,15.01011832076,0.10507082824532,696.109375
58.001,14,58,58,16.0107207786334,0.112075045450434,696.497395833333
59,13,59,59,29.9471831513155,0.209630282059208,696.885416666667
60.001,10,60,60,16.0272960879674,0.112191072615772,696.109375
61.001,13,61,61,21.9703005477196,0.153792103834037,696.885416666667
62.001,13,62,62,27.9909169474506,0.195936418632154,696.497395833333
63,14,63,63,18.0120572711373,0.126084400897961,696.109375
64.001,11,64,64,21.0141635462302,0.147099144823611,696.885416666667
65.001,12,65,65,6.65496280541288,0.0465847396378902,696.497395833333
66.001,18,66,66,14.0094045132497,0.0980658315927482,696.497395833333
67.001,15,67,67,7.99739205045235,0.0559817443531664,697.2734375
68,13,68,68,21.9935976637201,0.153955183646041,696.885416666667
69,15,69,69,17.027840519249,0.119194883634743,697.2734375
70.001,16,70,70,25.9399619580481,0.181579733706337,697.2734375
71.001,10,71,71,9.00607910339479,0.0630425537237636,696.109375
72,15,72,72,13.0216889250736,0.0911518224755152,696.885416666667
73.001,14,73,73,21.0973743762395,0.147681620633676,697.2734375
74.001,12,74,74,23.2921708913304,0.163045196239313,696.885416666667
75,24,75,75,17.0114827508568,0.119080379255998,697.2734375
76.001,18,76,76,18.0120608759625,0.126084426131738,697.2734375
77.001,20,77,77,16.9944190327896,0.118960933229527,696.497395833333
78,21,78,78,25.0170391053346,0.175119273737342,697.2734375
79.001,20,79,79,18.9938516902079,0.132956961831455,696.885416666667
80.001,18,80,80,14.4354335260501,0.101048034682351,696.885416666667
81,23,81,81,15.9948192780358,0.111963734946251,696.497395833333
82.001,21,82,82,28.8699309675535,0.202089516772875,697.2734375
83.001,20,83,83,9.99376722051014,0.069956370543571,697.2734375
84,25,84,84,19.0312493113693,0.133218745179585,696.497395833333
85.001,26,85,85,21.0739273370985,0.14751749135969,697.2734375
86.001,19,86,86,12.0200386063607,0.0841402702445246,696.885416666667
87,34,87,87,13.3098134141624,0.0931686938991365,697.2734375
88.001,19,88,88,21.0350717751707,0.147245502426195,697.2734375
89.001,32,89,89,21.0740605710649,0.147518423997454,696.109375
90,25,90,90,15.9947265386602,0.111963085770621,697.2734375
91.001,41,91,91,17.0285824756854,0.119200077329798,696.109375
92,39,92,92,12.9827666755149,0.0908793667286045,696.497395833333
93,27,93,93,18.0122266994836,0.126085586896385,697.2734375
94,28,94,94,19.9875477577469,0.139912834304228,696.109375
95.001,39,95,95,15.0096076498567,0.105067253548997,697.2734375
96,39,96,96,26.0174238687649,0.182121967081354,696.497395833333
97.001,37,97,97,26.6492469422487,0.186544728595741,697.2734375
98.001,34,98,98,15.5453284566898,0.108817299196828,696.885416666667
99.001,40,99,99,26.0434743717688,0.182304320602382,696.109375
100.001,43,100,100,25.5387028493087,0.178770919945161,696.109375
101.001,40,101,101,23.3181816970484,0.163227271879339,696.109375
102.001,31,102,102,21.0351560563169,0.147246092394218,696.109375
103.001,36,103,103,17.7267483781133,0.124087238646793,696.497395833333
104.001,40,104,104,17.7464060754821,0.124224842528375,696.885416666667
105.001,42,105,105,15.5453802405559,0.108817661683891,696.109375
106,32,106,106,17.7661389827286,0.124362972879101,696.885416666667
107.001,37,107,107,18.0301012540436,0.126210708778305,696.109375
108.001,42,108,108,22.0148225800431,0.154103758060302,696.109375
109,31,109,109,25.9917190383144,0.181942033268201,696.109375
110.001,34,110,110,23.317915009753,0.163225405068271,696.109375
111,29,111,111,19.0128146370654,0.133089702459458,696.109375
112,38,112,112,19.9935061092157,0.13995454276451,696.109375
113.001,39,113,113,18.9749151621556,0.132824406135089,696.497395833333
114,33,114,114,24.9918901316523,0.174943230921566,696.109375
115,23,115,115,16.02725274056,0.11219076918392,696.109375
116.001,29,116,116,18.99312259031,0.13295185813217,696.109375
117,32,117,117,21.0143023341686,0.14710011633918,696.109375
118,25,118,118,12.2141880007817,0.0854993160054719,696.109375
119.001,27,119,119,18.8764744608518,0.132135321225963,696.497395833333
120,28,120,120,10.9964822253361,0.0769753755773528,696.109375
121,29,121,121,15.0101048025531,0.105070733617872,696.109375
122.001,29,122,122,14.4349590724495,0.101044713507147,696.109375
123,39,123,123,18.0301229263731,0.126210860484612,696.109375
124,32,124,124,18.8347306672292,0.131843114670604,696.109375
125.001,30,125,125,18.0300506854775,0.126210354798342,696.109375
126.001,28,126,126,19.9870350765803,0.139909245536062,696.109375
127,31,127,127,16.0107656388155,0.112075359471709,696.109375
128.001,29,128,128,20.9932086969865,0.146952460878906,696.497395833333
129.001,33,129,129,21.9928831030279,0.153950181721195,696.109375
130,24,130,130,16.0107768539004,0.112075437977303,696.109375
131.001,30,131,131,8.87351896808961,0.0621146327766272,696.497395833333
132,30,132,132,18.0295432095031,0.126206802466522,697.2734375
133,46,133,133,16.9776065369777,0.118843245758844,696.497395833333
134.001,37,134,134,22.2068550785079,0.155447985549555,696.885416666667
135.001,32,135,135,11.9960700874394,0.0839724906120755,696.885416666667
136.001,30,136,136,17.0120564444021,0.119084395110815,696.885416666667
137.001,32,137,137,18.9931434752054,0.132952004326438,696.497395833333
138,36,138,138,17.766267210655,0.124363870474585,696.109375
139,32,139,139,12.0200482384569,0.0841403376691984,696.885416666667
140.001,33,140,140,20.9931751187689,0.146952225831382,696.109375
141.001,25,141,141,19.9869684965403,0.139908779475782,696.885416666667
142.001,39,142,142,25.0168463443283,0.175117924410298,696.885416666667
143.001,42,143,143,13.981495490718,0.0978704684350262,696.109375
144.001,34,144,144,19.0316706030505,0.133221694221354,696.885416666667
145.001,26,145,145,15.5460051264062,0.108822035884844,696.109375
146,22,146,146,14.4344670200742,0.10104126914052,696.109375
147.001,31,147,147,21.0141551348989,0.147099085944292,696.109375
148,39,148,148,19.993550080744,0.139954850565208,696.109375
149,34,149,149,21.0351434141019,0.147246003898714,696.109375
150,42,150,150,27.7287502663346,0.194101251864343,696.109375
151.001,45,151,151,14.023451417806,0.098164159924642,696.109375
152,27,152,152,18.8764136768278,0.132134895737795,696.109375
153.001,31,153,153,25.5388247876724,0.178771773513707,696.109375
154.001,39,154,154,13.3103316014004,0.0931723212098027,696.497395833333
155,26,155,155,18.0295775219247,0.126207042653473,696.497395833333
156.001,30,156,156,14.4349702922759,0.101044792045932,696.497395833333
157.001,26,157,157,16.6373147462732,0.116461203223912,696.885416666667
158,27,158,158,21.993509715283,0.153954568006981,696.497395833333
159.001,21,159,159,24.0152424743985,0.168106697320789,696.497395833333
160.001,27,160,160,27.9912079615793,0.195938455731055,696.885416666667
161,29,161,161,15.0100432199184,0.105070302539429,696.885416666667
162.001,30,162,162,7.99740484212873,0.0559818338949011,696.109375
163,29,163,163,19.0128698115755,0.133090088681028,697.2734375
164,40,164,164,18.8555961912139,0.131989173338498,696.109375
165.001,39,165,165,12.2141798633478,0.0854992590434343,696.109375
166.001,22,166,166,21.0140289657375,0.147098202760163,696.109375
167,27,167,167,32.021858120353,0.224153006842471,696.497395833333
168.001,26,168,168,17.7660995283545,0.124362696698481,696.109375
169.001,27,169,169,24.0401350053915,0.16828094503774,696.109375
170,36,170,170,14.4189629327283,0.100932740529098,696.885416666667
171.001,23,171,171,19.0129325967523,0.133090528177266,696.885416666667
172.001,32,172,172,18.8763969088901,0.132134778362231,696.109375
173,29,173,173,23.3180677716322,0.163226474401425,696.497395833333
174.001,34,174,174,16.0107672409696,0.112075370686787,696.109375
175.001,30,175,175,17.0114759416703,0.119080331591692,696.109375
176,30,176,176,15.9947825019479,0.111963477513635,696.109375
177.001,34,177,177,13.3246012779625,0.0932722089457376,696.497395833333
178,20,178,178,25.0371250490227,0.175259875343159,696.109375
179.001,26,179,179,13.3222225996852,0.0932555581977964,696.497395833333
180.001,31,180,180,10.9964228636425,0.0769749600454972,696.109375
181,18,181,181,15.9924643507979,0.111947250455585,696.497395833333
182.001,25,182,182,17.0121126241884,0.119084788369319,696.109375
183.001,27,183,183,15.9948192780358,0.111963734946251,696.109375
184,36,184,184,13.9950961183201,0.097965672828241,696.109375
185.001,32,185,185,27.045880631904,0.189321164423328,696.109375
186.001,27,186,186,18.9553147410295,0.132687203187206,696.109375
187.001,18,187,187,8.00439761605026,0.0560307833123518,696.109375
188,25,188,188,19.0090787360043,0.13306355115203,696.109375
189.001,32,189,189,17.0067023413927,0.119046916389749,696.109375
190.001,36,190,190,11.1038306994492,0.0777268148961442,696.109375
191.001,20,191,191,20.0140498630038,0.140098349041027,696.497395833333
192,17,192,192,17.0279257983092,0.119195480588165,696.497395833333
193,25,193,193,8.88100551632556,0.0621670386142789,696.109375
194,33,194,194,17.0120002649869,0.119084001854908,696.109375
195,31,195,195,22.2158758870105,0.155511131209073,696.497395833333
196.001,25,196,196,22.1753656745519,0.155227559721863,696.109375
197,30,197,197,14.0081611546887,0.098057128082821,696.109375
198.001,28,198,198,10.9946741798273,0.076962719258791,696.109375
199.001,26,199,199,27.0449893397667,0.189314925378367,696.885416666667
200.001,32,200,200,20.9716526171574,0.146801568320102,696.497395833333
201.001,24,201,201,18.0121455897712,0.126085019128398,696.497395833333
202,24,202,202,14.4320152721806,0.101024106905264,696.109375
203,23,203,203,15.0080908617836,0.105056636032485,696.497395833333
204.001,29,204,204,10.0116124693031,0.070081287285122,696.497395833333
205,20,205,205,14.4326385461137,0.101028469822796,696.109375
206.001,20,206,206,15.9937416488928,0.11195619154225,696.497395833333
207.001,28,207,207,17.0098044512857,0.119068631159,696.885416666667
208,28,208,208,24.4291816346298,0.171004271442409,696.885416666667
209.001,23,209,209,13.0082862783593,0.0910580039485152,696.109375
210,22,210,210,16.9712896692665,0.118799027684866,696.497395833333
211,31,211,211,20.0089980464215,0.14006298632495,696.109375
212,32,212,212,18.0295630745734,0.126206941522014,696.109375
213.001,19,213,213,15.5441185385597,0.108808829769918,696.497395833333
214.001,21,214,214,19.0084492556942,0.133059144789859,696.109375
215.001,26,215,215,12.0076104234864,0.0840532729644048,696.109375
216.001,14,216,216,27.6963719857623,0.193874603900336,696.109375
217,21,217,217,14.0373280627846,0.0982612964394919,696.109375
218.001,37,218,218,13.309243602413,0.0931647052168908,696.109375
219,25,219,219,16.6532774316117,0.116572942021282,696.109375
220.001,15,220,220,15.9827354491678,0.111879148144175,696.109375
221,21,221,221,18.0328305713382,0.126229813999367,696.109375
222,29,222,222,23.3234752777826,0.163264326944478,696.109375
223,29,223,223,18.9989816545833,0.132992871582083,696.109375
224,17,224,224,16.6600267204615,0.116620187043231,696.109375
225.001,33,225,225,20.0344733182387,0.140241313227671,696.109375
225.999,20,226,226,14.9902203802239,0.104931542661568,696.109375
227.001,22,227,227,21.0776795693497,0.147543756985448,696.109375
228,18,228,228,22.0343537609487,0.154240476326641,696.497395833333
229.001,18,229,229,19.9551939378782,0.139686357565147,696.109375
230,25,230,230,18.0336562125896,0.126235593488127,696.109375
231,23,231,231,12.2202859857983,0.0855420019005877,696.109375
232.001,20,232,232,19.9998555565988,0.139998988896191,696.109375
233,18,233,233,16.6592699508085,0.11661488965566,696.497395833333
234.001,16,234,234,24.4031461867145,0.170822023307001,696.109375
235,17,235,235,20.0475025573095,0.140332517901167,696.497395833333
236.001,12,236,236,24.4243160941699,0.17097021265919,696.885416666667
237,20,237,237,14.0173548870857,0.0981214842095999,696.109375
238.001,31,238,238,21.0697395070479,0.147488176549336,696.885416666667
239.001,11,239,239,23.0645669487162,0.161451968641014,696.109375
240,22,240,240,19.9766295630368,0.139836406941257,697.2734375
241.001,28,241,241,16.6456783158302,0.116519748210812,696.497395833333
242,17,242,242,14.0374561442296,0.0982621930096075,696.497395833333
243,26,243,243,15.9312629727777,0.111518840809444,696.109375
244,24,244,244,17.0454756244184,0.119318329370929,696.109375
245,24,245,245,23.9922409092899,0.16794568636503,696.497395833333
246,18,246,246,24.0162013294168,0.168113409305918,696.109375
247.001,17,247,247,14.4349606752808,0.101044724726965,696.109375
248.001,18,248,248,16.0107704452785,0.11207539311695,696.109375
249,22,249,249,22.9925665032495,0.160947965522746,696.497395833333
250,11,250,250,16.6557183078323,0.116590028154826,696.497395833333
251.001,20,251,251,19.9868908203875,0.139908235742712,696.109375
252,25,252,252,14.0094269433902,0.0980659886037314,696.109375
253.001,19,253,253,15.9948320697583,0.111963824488308,696.109375
254,17,254,254,19.986866408007,0.139908064856049,696.885416666667
255,16,255,255,16.0267759345539,0.112187431541877,696.109375
256,21,256,256,13.0087614008034,0.0910613298056241,696.109375
257,22,257,257,13.295142298462,0.0930659960892339,696.109375
258,21,258,258,24.0401446375302,0.168281012462711,696.109375
259.001,17,259,259,13.9954612719095,0.0979682289033666,696.109375
260,22,260,260,14.0094325509365,0.0980660278565558,696.109375
261,15,261,261,22.0148291889417,0.154103804322592,696.109375
262,18,262,262,23.3180237552922,0.163226166287046,696.109375
263.001,11,263,263,16.9757755682641,0.118830428977849,696.109375
264.001,15,264,264,16.9912019556274,0.118938413689392,696.109375
265.001,15,265,265,15.5453491701948,0.108817444191364,696.109375
266,13,266,266,14.4190013155675,0.100933009208972,696.109375
267.001,22,267,267,20.0321596290685,0.14022511740348,696.109375
268,27,268,268,21.9906935384945,0.153934854769462,696.109375
269,15,269,269,14.4349702922759,0.101044792045932,696.109375
270.001,17,270,270,13.32332751437,0.0932632926005903,696.109375
271,21,271,271,16.9916095432076,0.118941266802453,696.109375
272.001,15,272,272,17.0080907487692,0.119056635241384,696.109375
273,17,273,273,16.0243698616857,0.1121705890318,696.109375
274,21,274,274,12.1994201504699,0.0853959410532891,696.109375
275.001,12,275,275,14.0222322492312,0.0981556257446181,696.109375
276.001,15,276,276,16.6540595435922,0.116578416805145,696.109375
277.001,17,277,277,12.2136753636178,0.0854957275453244,696.109375
278,17,278,278,15.5441685884996,0.108809180119497,696.109375
279,20,279,279,13.0145698109033,0.0911019886763231,696.109375
280.001,13,280,280,22.198575805972,0.155390030641804,696.109375
281.001,16,281,281,20.0297842892381,0.140208490024667,696.109375
282,18,282,282,27.7488388220907,0.194241871754635,696.109375
283,13,283,283,13.0078320156566,0.0910548241095964,696.109375
284,21,284,284,23.3143269758864,0.163200288831205,696.497395833333
285,14,285,285,14.4332698861593,0.101032889203115,696.109375
286,15,286,286,16.6652445657971,0.116656711960579,696.109375
287,17,287,287,19.0100144756258,0.13307010132938,696.109375
288,22,288,288,19.9869152328276,0.139908406629793,698.825520833333
289,11,289,289,10.0066293919722,0.0700464057438053,696.109375
290.001,13,290,290,18.8773778833529,0.13214164518347,696.497395833333
291.001,13,291,291,18.0301337625574,0.126210936337902,696.109375
292,24,292,292,17.765519569275,0.124358636984925,696.109375
293.001,22,293,293,12.0062985041953,0.0840440895293671,696.497395833333
294,13,294,294,16.9911459138643,0.11893802139705,696.109375
295,12,295,295,13.9932622442294,0.0979528357096058,696.497395833333
296,17,296,296,15.9987121036757,0.11199098472573,696.885416666667
297.001,19,297,297,17.0169778387898,0.119118844871528,696.497395833333
298.001,6,298,298,25.5293482612682,0.178705437828878,696.497395833333
299,10,299,299,10.0023805665748,0.0700166639660239,696.109375
300.001,7,300,300,21.1075064180706,0.147752544926494,696.109375
301.001,17,301,301,23.0029144692633,0.161020401284843,696.109375
302.001,13,302,302,16.0255671898948,0.112178970329263,696.109375
303.001,8,303,303,17.7588606447776,0.124312024513443,696.109375
304,10,304,304,17.7638627519554,0.124347039263688,696.109375
305,6,305,305,21.1096498542379,0.147767548979665,696.497395833333
306,17,306,306,18.0140671850648,0.126098470295454,696.885416666667
307.001,18,307,307,17.7545449693218,0.124281814785253,696.497395833333
308,13,308,308,19.0106231362085,0.13307436195346,696.109375
309,16,309,309,9.99177343986784,0.0699424140790749,696.109375
310.001,14,310,310,9.00764659119126,0.0630535261383388,696.497395833333
311,8,311,311,21.1022364483381,0.147715655138367,696.885416666667
312,11,312,312,18.0418137074484,0.126292695952139,697.2734375
313,14,313,313,18.8667770262142,0.132067439183499,696.109375
314,18,314,314,17.7635235370018,0.124344664759012,696.109375
315.001,7,315,315,9.9913996252337,0.0699397973766359,696.885416666667
316,15,316,316,18.0046145827176,0.126032302079023,696.497395833333
317.001,16,317,317,16.6451204829304,0.116515843380513,696.497395833333
318,15,318,318,19.0496548302806,0.133347583811964,697.2734375
319,13,319,319,12.2130122539814,0.0854910857778695,696.497395833333
320.001,14,320,320,24.4284248262972,0.170998973784081,696.109375
321.001,16,321,321,16.6532071745569,0.116572450221898,696.497395833333
322.001,5,322,322,29.0142082577838,0.203099457804487,696.109375
323.001,13,323,323,11.0019374411834,0.0770135620882837,696.497395833333
323.999,13,324,324,18.0196738799421,0.126137717159595,696.109375
325.001,12,325,325,22.9721233283411,0.160804863298387,696.885416666667
326,10,326,326,21.0496139400567,0.147347297580397,696.109375
326.999,9,327,327,9.98219176988253,0.0698753423891777,696.497395833333
328.001,11,328,328,9.99621587694525,0.0699735111386167,696.109375
329.001,13,329,329,13.325935958217,0.0932815517075188,696.109375
330,12,330,330,19.0214619154792,0.133150233408355,696.109375
331.001,18,331,331,17.7747521199725,0.124423264839807,696.109375
332,14,332,332,13.0120543671657,0.0910843805701602,696.497395833333
332.999,18,333,333,16.643842410774,0.116506896875418,696.109375
334,9,334,334,18.8668356543241,0.132067849580268,696.109375
335.001,4,335,335,21.0104106584813,0.147072874609369,696.109375
336.001,13,336,336,14.0305683993717,0.098213978795602,696.109375
337,10,337,337,17.7502038222623,0.124251426755836,696.109375
338,10,338,338,22.9870284198627,0.160909198939039,696.109375
339,16,339,339,26.6652297070658,0.18665660794946,696.109375
339.999,16,340,340,13.0150962100941,0.0911056734706586,696.109375
341,13,341,341,16.992528385269,0.118947698696883,696.109375
341.999,5,342,342,17.9884010789843,0.12591880755289,696.109375
343,7,343,343,22.9863874613454,0.160904712229418,696.109375
344.001,12,344,344,18.0170369101022,0.126119258370715,696.109375
345.001,8,345,345,15.5341650103363,0.108739155072354,696.497395833333
346,13,346,346,15.5408539077588,0.108785977354312,696.109375
347,18,347,347,16.9979755411131,0.118985828787791,696.109375
348,14,348,348,19.0192988825762,0.133135092178033,696.497395833333
349,10,349,349,14.4360731260395,0.101052511882276,696.885416666667
350,16,350,350,18.0137571063021,0.126096299744115,696.109375
351,13,351,351,13.3156604928237,0.0932096234497658,697.2734375
352.001,14,352,352,19.9891525532145,0.139924067872501,696.497395833333
353,9,353,353,15.5420374367717,0.108794262057402,696.109375
354,9,354,354,14.0314374355744,0.0982200620490208,696.109375
355,15,355,355,13.3259625953556,0.0932817381674891,696.109375
356.001,10,356,356,20.0085136225464,0.140059595357825,696.109375
357,14,357,357,17.9899004698762,0.125929303289133,696.109375
358.001,16,358,358,22.1900589645342,0.155330412751739,696.109375
359,10,359,359,15.0205090029927,0.105143563020949,696.109375
360.001,17,360,360,19.0310777499657,0.13321754424976,696.109375
361,9,361,361,17.7491129603468,0.124243790722428,696.109375
362,11,362,362,18.979515409019,0.132856607863133,696.497395833333
362.999,12,363,363,12.0270090542331,0.0841890633796316,696.885416666667
364.001,13,364,364,14.4149003054406,0.100904302138085,696.497395833333
365,15,365,365,23.0044789720559,0.161031352804391,696.885416666667
366,12,366,366,18.8821752265861,0.132175226586103,696.109375
367.001,16,367,367,33.2928787863991,0.233050151504794,698.049479166667
368.001,10,368,368,22.1969522252778,0.155378665576944,696.885416666667
369,14,369,369,25.5274300004573,0.178692010003201,696.885416666667
370,18,370,370,26.6507502463806,0.186555251724664,696.885416666667
371,13,371,371,22.0492027960394,0.154344419572276,696.109375
372,15,372,372,23.0210642738105,0.161147449916674,696.109375
373.001,10,373,373,16.6447898645214,0.11651352905165,696.109375
374,11,374,374,14.4442069174862,0.101109448422404,696.109375
375,14,375,375,25.5201760847767,0.178641232593437,696.109375
376,14,376,376,25.0000925003423,0.175000647502396,696.109375
377.001,13,377,377,21.0506731804801,0.14735471226336,696.109375
378,18,378,378,13.3194426346035,0.0932360984422246,696.109375
379,12,379,379,20.9738372354325,0.146816860648028,696.885416666667
380,22,380,380,18.9949910208678,0.132964937146075,696.109375
381.001,21,381,381,13.0023508250292,0.0910164557752042,696.497395833333
382.001,12,382,382,23.0345264516985,0.161241685161889,697.2734375
383,16,383,383,17.7508595853754,0.124256017097628,696.109375
383.999,26,384,384,13.0086976152255,0.0910608833065788,696.109375
385,8,385,385,14.9970905644305,0.104979633951014,696.109375
385.999,9,386,386,19.0251760154212,0.133176232107948,696.109375
387,13,387,387,17.7530123255836,0.124271086279085,696.109375
388,18,388,388,20.0031745037938,0.140022221526556,696.109375
389,22,389,389,15.9904744743556,0.111933321320489,696.109375
390.001,11,390,390,17.7696156010117,0.124387309207082,696.109375
391.001,8,391,391,16.9882424374091,0.118917697061863,696.109375
391.999,11,392,392,24.4186149761586,0.17093030483311,696.497395833333
393.001,10,393,393,14.0102008272223,0.0980714057905561,696.109375
394.001,20,394,394,17.7705135867238,0.124393595107067,696.109375
395.001,10,395,395,13.3254535484683,0.0932781748392784,696.109375
396,14,396,396,19.0289125296976,0.133202387707883,697.2734375
397.001,16,397,397,16.641536098099,0.116490752686693,696.109375
398,10,398,398,22.0419789489082,0.154293852642357,696.109375
399,16,399,399,16.6401275121878,0.116480892585314,696.109375
400.001,19,400,400,17.0076959824321,0.119053871877024,696.109375
401,20,401,401,14.4354287172423,0.101048001020696,696.109375
402,13,402,402,9.99528555697896,0.0699669988988527,696.109375
403.001,18,403,403,14.4421850448285,0.1010952953138,696.109375
404,16,404,404,11.0145248539249,0.0771016739774741,696.109375
405,19,405,405,21.0800812315383,0.147560568620768,696.109375
406.001,10,406,406,16.6408031605988,0.116485622124192,696.109375
407,16,407,407,10.0212048695039,0.0701484340865271,696.109375
408.001,18,408,408,14.4418625603489,0.101093037922443,696.109375
409,13,409,409,22.2110549973486,0.15547738498144,696.109375
410,13,410,410,19.9980081983834,0.139986057388684,696.109375
411.001,23,411,411,28.8673826887857,0.2020716788215,696.109375
412,17,412,412,14.4399856977496,0.101079899884247,696.109375
413.001,25,413,413,20.022110416533,0.140154772915731,696.109375
414.001,20,414,414,12.9928526317673,0.0909499684223709,696.109375
415.001,26,415,415,18.882760384102,0.132179322688714,696.109375
416,18,416,416,19.0340995894144,0.133238697125901,696.109375
417.001,16,417,417,15.5347493479289,0.108743245435502,696.109375
418.001,19,418,418,27.0043666060802,0.189030566242561,696.109375
419,19,419,419,17.76860128236,0.12438020897652,696.497395833333
420.001,18,420,420,18.9909280336783,0.132936496235748,696.109375
421,16,421,421,16.9954758043409,0.118968330630386,696.109375
422.001,16,422,422,22.0518770407383,0.154363139285168,696.109375
423,15,423,423,18.8714809960856,0.132100366972599,696.109375
424.001,18,424,424,17.7660837466539,0.124362586226577,696.109375
425.001,23,425,425,23.3260866957332,0.163282606870132,696.109375
426.001,13,426,426,15.970791020303,0.111795537142121,696.497395833333
427.001,17,427,427,16.0008400441023,0.112005880308716,696.109375
428,19,428,428,15.5499178464519,0.108849424925163,696.497395833333
429.001,14,429,429,20.0252879336026,0.140177015535218,696.885416666667
430,15,430,430,17.9862818628232,0.125903973039763,696.885416666667
431,18,431,431,18.0320917136227,0.126224641995359,696.109375
432,18,432,432,14.4297613606066,0.101008329524246,696.885416666667
433.001,18,433,433,16.0064970371474,0.112045479260032,696.497395833333
434.001,7,434,434,22.1920139596645,0.155344097717651,696.109375
435,15,435,435,19.0050439386613,0.133035307570629,696.109375
436.001,14,436,436,13.0092625949676,0.0910648381647733,696.885416666667
437,13,437,437,22.2072298745869,0.155450609122108,696.109375
438,14,438,438,17.0098572122545,0.119069000485782,696.109375
439.001,17,439,439,17.0033190478781,0.119023233335147,696.497395833333
440,9,440,440,24.0122294284479,0.168085605999135,696.109375
441,6,441,441,14.4139253598159,0.100897477518711,696.109375
442,15,442,442,15.9995824108991,0.111997076876294,696.885416666667
443,12,443,443,32.2146267291201,0.225502387103841,696.109375
444,10,444,444,20.0545141859116,0.140381599301381,696.885416666667
445,11,445,445,21.0876663123199,0.147613664186239,696.497395833333
446.001,11,446,446,8.99777754894541,0.0629844428426179,696.109375
447,16,447,447,14.4382873170308,0.101068011219216,696.109375
448,13,448,448,22.0289195656057,0.15420243695924,696.497395833333
449,16,449,449,30.935860680052,0.216551024760364,696.109375
450,9,450,450,22.0174488281963,0.154122141797374,696.109375
451,16,451,451,18.8761873121819,0.132133311185274,696.109375
452,11,452,452,21.0993493960089,0.147695445772062,696.109375
453.001,14,453,453,12.2128915730604,0.0854902410114228,696.109375
454.001,9,454,454,19.9822601934505,0.139875821354153,696.109375
455,14,455,455,17.9932219532902,0.125952553673031,696.109375
456.001,15,456,456,15.0398676812495,0.105279073768746,696.109375
457,15,457,457,19.9726042445113,0.139808229711579,696.109375
458,11,458,458,21.0876007793089,0.147613205455163,696.109375
459.001,10,459,459,17.0367841205948,0.119257488844163,696.109375
460,9,460,460,19.9394792494824,0.139576354746377,696.109375
461,14,461,461,20.050869054792,0.140356083383544,696.885416666667
462,7,462,462,21.0852301624883,0.147596611137418,696.109375
463,9,463,463,20.004533027184,0.140031731190288,696.109375
464,8,464,464,18.8708357893171,0.13209585052522,696.109375
465,15,465,465,14.443921253519,0.101107448774633,696.109375
466,12,466,466,18.0390274358575,0.126273192051002,696.497395833333
467.001,6,467,467,19.9595508613156,0.139716856029209,696.497395833333
468,7,468,468,13.0227781412469,0.091159446988728,696.109375
469.001,11,469,469,31.0407692789506,0.217285384952654,696.109375
470,11,470,470,19.0559998668086,0.13339199906766,696.885416666667
471.001,5,471,471,25.5101955933245,0.178571369153271,696.497395833333
472.001,6,472,472,15.994926409343,0.111964484865401,696.109375
473,12,473,473,21.094270851548,0.147659895960836,696.497395833333
474,9,474,474,25.5417431484552,0.178792202039186,696.109375
475.001,6,475,475,21.025697607616,0.147179883253312,696.109375
476,2,476,476,15.0088387051134,0.105061870935794,696.109375
477,8,477,477,11.1081686806517,0.0777571807645619,696.109375
478.001,9,478,478,14.9880545205471,0.10491638164383,696.109375
479,13,479,479,18.884048277847,0.132188337944929,696.109375
479.999,12,480,480,19.9926866752142,0.139948806726499,696.885416666667
481.001,3,481,481,15.0339119952878,0.105237383967014,696.109375
482,3,482,482,18.9802320882801,0.13286162461796,696.109375
483.001,8,483,483,17.9993304249082,0.125995312974357,696.109375
484.001,12,484,484,15.5416457825801,0.108791520478061,696.109375
485.001,6,485,485,20.0334057040114,0.14023383992808,696.109375
486,8,486,486,28.994143183077,0.202959002281539,696.109375
487,2,487,487,19.9849801771202,0.139894861239842,696.109375
488,5,488,488,20.9700024115503,0.146790016880852,696.109375
489.001,11,489,489,17.0456345728785,0.11931944201015,696.109375
490,4,490,490,13.3237136121054,0.0932659952847378,696.109375
491,2,491,491,23.310395903764,0.163172771326348,696.109375
492,8,492,492,30.996078996007,0.216972552972049,696.109375
493,8,493,493,18.8867861600297,0.132207503120208,696.109375
494,6,494,494,18.0301789134654,0.126211252394258,696.109375
495.001,4,495,495,19.967315501256,0.139771208508792,696.497395833333
496,5,496,496,17.0349557291562,0.119244690104094,696.109375
497,6,497,497,25.5174466665949,0.178622126666164,696.109375
498,3,498,498,18.873289066959,0.132113023468713,696.109375
499,7,499,499,24.0296381557012,0.168207467089909,696.109375
500.001,6,500,500,20.9749433326948,0.146824603328863,696.109375
501,5,501,501,13.0160122983294,0.0911120860883058,696.109375
502,8,502,502,26.9593049292094,0.188715134504465,696.885416666667
503.001,7,503,503,19.9929580358918,0.139950706251243,696.109375
504.001,2,504,504,15.031741024347,0.105222187170429,696.109375
505.001,7,505,505,14.4154901316545,0.100908430921581,696.109375
506,4,506,506,16.0003520077442,0.112002464054209,696.109375
507,9,507,507,9.00303402246557,0.063021238157259,696.109375
508,5,508,508,12.0112677702953,0.0840788743920672,696.109375
509,4,509,509,21.9871485116949,0.153910039581864,696.109375
510,2,510,510,12.217225377043,0.0855205776393011,696.497395833333
511.001,2,511,511,17.0009180495747,0.119006426347023,696.109375
512,4,512,512,16.0029877578144,0.112020914304701,696.109375
513,3,513,513,7.99788296038039,0.0559851807226627,696.497395833333
514.001,7,514,514,21.0999586107654,0.147699710275358,696.109375
515.001,2,515,515,23.0047596847788,0.161033317793451,696.885416666667
516,5,516,516,16.6507596409563,0.116555317486694,696.109375
517,4,517,517,20.0422470525621,0.140295729367935,696.109375
518.001,6,518,518,12.2106343302428,0.0854744403116997,696.497395833333
519,8,519,519,23.0439009356725,0.161307306549708,696.109375
520.001,8,520,520,15.5463607468605,0.108824525228023,696.885416666667
521.001,2,521,521,14.4389672628627,0.101072770840039,696.497395833333
522,10,522,522,22.2017645296395,0.155412351707477,696.109375
523.001,3,523,523,15.5381235074384,0.108766864552069,696.109375
524.001,6,524,524,10.0180485162068,0.0701263396134476,696.109375
525,1,525,525,32.1621076694206,0.225134753685944,696.109375
526.001,5,526,526,16.0141452945387,0.112099017061771,696.109375
527.001,5,527,527,17.7467721948897,0.124227405364228,696.109375
528,2,528,528,22.0637753426279,0.154446427398395,696.497395833333
529.001,3,529,529,19.962244741113,0.139735713187791,696.109375
530.001,5,530,530,15.536902640774,0.108758318485418,696.497395833333
531,7,531,531,10.0046881968891,0.0700328173782234,696.497395833333
532.001,1,532,532,17.0147126220042,0.11910298835403,696.109375
533.001,5,533,533,13.0061766332831,0.091043236432982,696.109375
534,4,534,534,21.9757102474635,0.153829971732244,697.661458333333
535.001,8,535,535,25.0140904371432,0.175098633060003,696.109375
536,6,536,536,18.8764765568596,0.132135335898017,696.109375
537.001,4,537,537,21.0952100105876,0.147666470074113,696.109375
538.001,2,538,538,19.9659602562032,0.139761721793422,696.497395833333
539.001,6,539,539,24.993209345021,0.174952465415147,696.109375
540.001,6,540,540,16.049451570178,0.112346160991246,696.109375
541.001,4,541,541,16.6416764159154,0.116491734911408,696.109375
542.001,4,542,542,7.98617433499126,0.0559032203449388,696.109375
543,2,543,543,16.0222821878386,0.11215597531487,696.109375
544.001,5,544,544,11.0188455315125,0.0771319187205878,696.885416666667
545.001,3,545,545,17.7435563720549,0.124204894604384,696.109375
546,5,546,546,9.99674406045951,0.0699772084232166,697.2734375
547.001,3,547,547,20.0134730700708,0.140094311490495,696.497395833333
548.001,7,548,548,22.0135911912014,0.15409513833841,696.497395833333
549,3,549,549,21.0974610538093,0.147682227376665,696.109375
550.001,5,550,550,7.98943477145822,0.0559260434002075,696.109375
551.001,2,551,551,14.0102709296185,0.0980718965073295,696.109375
552,6,552,552,22.2152244265279,0.155506570985695,696.109375
553.001,7,553,553,25.000085000289,0.175000595002023,696.497395833333
554,3,554,554,23.0154733027014,0.16110831311891,696.497395833333
555,4,555,555,21.9838836149219,0.153887185304453,696.109375
556,4,556,556,15.5551476650168,0.108886033655117,696.497395833333
557,6,557,557,23.007919325832,0.161055435280824,696.109375
558,4,558,558,12.0191260352599,0.0841338822468194,696.109375
559,3,559,559,21.1022434794623,0.147715704356236,696.497395833333
560,5,560,560,18.870672399799,0.132094706798593,696.109375
561,3,561,561,12.0047418730399,0.084033193111279,696.885416666667
562,5,562,562,18.8625295517586,0.13203770686231,696.109375
563.001,2,563,563,18.8780885246874,0.132146619672812,696.109375
564,6,564,564,12.2051892026239,0.0854363244183673,696.109375
565,4,565,565,22.9768577089156,0.160838003962409,696.497395833333
566,3,566,566,15.0321537769289,0.105225076438502,696.497395833333
567.001,7,567,567,14.4277115052565,0.100993980536795,696.109375
568.001,4,568,568,16.0103619062257,0.11207253334358,696.497395833333
569.001,3,569,569,21.091151851076,0.147638062957532,696.497395833333
570,4,570,570,22.2081447260376,0.155457013082263,696.109375
571,6,571,571,19.0055781371833,0.133039046960283,696.109375
572,4,572,572,15.0026764774836,0.105018735342385,696.109375
573,4,573,573,9.99266438507492,0.0699486506955244,696.109375
574,3,574,574,14.0329929697712,0.0982309507883986,696.497395833333
575.001,6,575,575,8.87923518707716,0.0621546463095401,696.109375
576,3,576,576,16.0070447003726,0.112049312902608,696.885416666667
577.001,3,577,577,17.7656911858743,0.12435983830112,696.109375
578.001,3,578,578,14.4318566583591,0.101022996608514,696.109375
579,4,579,579,21.0063376120576,0.147044363284403,696.109375
580.001,6,580,580,21.9794953288078,0.153856467301654,696.109375
581.001,3,581,581,20.0629937878952,0.140440956515267,696.885416666667
582,5,582,582,36.5698783885317,0.255989148719722,696.109375
583.001,4,583,583,34.076095328478,0.238532667299346,696.497395833333
584.001,5,584,584,33.3161903025232,0.233213332117663,696.109375
585,5,585,585,30.0509784798933,0.210356849359253,696.109375
586,2,586,586,26.6434099301765,0.186503869511236,696.109375
587.001,3,587,587,31.1038535452839,0.217726974816987,696.109375
588,4,588,588,21.0089245911663,0.147062472138164,696.109375
589.001,4,589,589,23.3279238469924,0.163295466928947,696.497395833333
590,5,590,590,26.637924346297,0.186465470424079,696.885416666667
591.001,5,591,591,22.0230338911468,0.154161237238027,696.109375
592,9,592,592,26.6613610558166,0.186629527390716,696.109375
593,5,593,593,23.0121895568082,0.161085326897658,696.109375
593.999,6,594,594,14.4374118207309,0.101061882745116,696.109375
595,4,595,595,24.4388099410414,0.17107166958729,696.885416666667
596.001,5,596,596,13.3309959653741,0.0933169717576185,696.497395833333
597,7,597,597,28.0217645044906,0.196152351531434,696.109375
598,3,598,598,22.2020282440882,0.155414197708617,696.109375
599,5,599,599,15.0070413037797,0.105049289126458,696.109375
,3,600,600,,,
,5,601,601,,,
,3,602,602,,,
,3,603,603,,,
,3,604,604,,,
,4,605,605,,,
,6,606,606,,,
,4,607,607,,,
,4,608,608,,,
,2,609,609,,,
,8,610,610,,,
,7,611,611,,,
,5,612,612,,,
,1,613,613,,,
,5,614,614,,,
,4,615,615,,,
,3,616,616,,,
,6,617,617,,,
,9,618,618,,,
,5,619,619,,,
,2,620,620,,,
,5,621,621,,,
,6,622,622,,,
,5,623,623,,,
,8,624,624,,,
,6,625,625,,,
,1,626,626,,,
,2,627,627,,,
,5,628,628,,,
,2,629,629,,,
,4,630,630,,,
,2,631,631,,,
,0,632,632,,,
,3,633,633,,,
,0,634,634,,,
,2,635,635,,,
,6,636,636,,,
,1,637,637,,,
,4,638,638,,,
,3,639,639,,,
,1,640,640,,,
,3,641,641,,,
,5,642,642,,,
,8,643,643,,,
,5,644,644,,,
,3,645,645,,,
,0,646,646,,,
,2,647,647,,,
,3,648,648,,,
,5,649,649,,,
,1,650,650,,,
,3,651,651,,,
,4,652,652,,,
,4,653,653,,,
,7,654,654,,,
,4,655,655,,,
,9,656,656,,,
,5,657,657,,,
,4,658,658,,,
,4,659,659,,,
,2,660,660,,,
,5,661,661,,,
,4,662,662,,,
,6,663,663,,,
,4,664,664,,,
,4,665,665,,,
,5,666,666,,,
,7,667,667,,,
,4,668,668,,,
,9,669,669,,,
,1,670,670,,,
,9,671,671,,,
,3,672,672,,,
,5,673,673,,,
,5,674,674,,,
,7,675,675,,,
,4,676,676,,,
,2,677,677,,,
,9,678,678,,,
,4,679,679,,,
,2,680,680,,,
,2,681,681,,,
,3,682,682,,,
,4,683,683,,,
,7,684,684,,,
,4,685,685,,,
,9,686,686,,,
,4,687,687,,,
,6,688,688,,,
,5,689,689,,,
,8,690,690,,,
,5,691,691,,,
,7,692,692,,,
,6,693,693,,,
,3,694,694,,,
,4,695,695,,,
,0,696,696,,,
,5,697,697,,,
,2,698,698,,,
,3,699,699,,,
,4,700,700,,,
,6,701,701,,,
,1,702,702,,,
,4,703,703,,,
,1,704,704,,,
,5,705,705,,,
,3,706,706,,,
,5,707,707,,,
,3,708,708,,,
,4,709,709,,,
,5,710,710,,,
,2,711,711,,,
,3,712,712,,,
,0,713,713,,,
,4,714,714,,,
,3,715,715,,,
,2,716,716,,,
,3,717,717,,,
,3,718,718,,,
,4,719,719,,,
,0,720,720,,,
,3,721,721,,,
,2,722,722,,,
,9,723,723,,,
,1,724,724,,,
,2,725,725,,,
,2,726,726,,,
,2,727,727,,,
,4,728,728,,,
,2,729,729,,,
,8,730,730,,,
,2,731,731,,,
,3,732,732,,,
,1,733,733,,,
,3,734,734,,,
,3,735,735,,,
,3,736,736,,,
,4,737,737,,,
,2,738,738,,,
,2,739,739,,,
,1,740,740,,,
,2,741,741,,,
,3,742,742,,,
,2,743,743,,,
,2,744,744,,,
,3,745,745,,,
,2,746,746,,,
,2,747,747,,,
,4,748,748,,,
,2,749,749,,,
,3,750,750,,,
,3,751,751,,,
,0,752,752,,,
,4,753,753,,,
,0,754,754,,,
,0,755,755,,,
,3,756,756,,,
,0,757,757,,,
,3,758,758,,,
,2,759,759,,,
,2,760,760,,,
,4,761,761,,,
,2,762,762,,,
,0,763,763,,,
,4,764,764,,,
,1,765,765,,,
,2,766,766,,,
,5,767,767,,,
,3,768,768,,,
,2,769,769,,,
,4,770,770,,,
,2,771,771,,,
,3,772,772,,,
,6,773,773,,,
,4,774,774,,,
,5,775,775,,,
,2,776,776,,,
,2,777,777,,,
,1,778,778,,,
,4,779,779,,,
,5,780,780,,,
,2,781,781,,,
,2,782,782,,,
,1,783,783,,,
,4,784,784,,,
,1,785,785,,,
,2,786,786,,,
,3,787,787,,,
,0,788,788,,,
,2,789,789,,,
,1,790,790,,,
,3,791,791,,,
,2,792,792,,,
,1,793,793,,,
,3,794,794,,,
,1,795,795,,,
,4,796,796,,,
,3,797,797,,,
,2,798,798,,,
,0,799,799,,,
,1,800,800,,,
,1,801,801,,,
,3,802,802,,,
,0,803,803,,,
,1,804,804,,,
,3,805,805,,,
,2,806,806,,,
,4,807,807,,,
,2,808,808,,,
,1,809,809,,,
,1,810,810,,,
,3,811,811,,,
,4,812,812,,,
,1,813,813,,,
,2,814,814,,,
,0,815,815,,,
,1,816,816,,,
,2,817,817,,,
,0,818,818,,,
,1,819,819,,,
,2,820,820,,,
,2,821,821,,,
,2,822,822,,,
,3,823,823,,,
,2,824,824,,,
,4,825,825,,,
,0,826,826,,,
,1,827,827,,,
,2,828,828,,,
,2,829,829,,,
,1,830,830,,,
,0,831,831,,,
,1,832,832,,,
,1,833,833,,,
,1,834,834,,,
,5,835,835,,,
,5,836,836,,,
,0,837,837,,,
,4,838,838,,,
,2,839,839,,,
,2,840,840,,,
,1,841,841,,,
,0,842,842,,,
,1,843,843,,,
,2,844,844,,,
,2,845,845,,,
,1,846,846,,,
,2,847,847,,,
,2,848,848,,,
,0,849,849,,,
,1,850,850,,,
,1,851,851,,,
,2,852,852,,,
,1,853,853,,,
,1,854,854,,,
,2,855,855,,,
,5,856,856,,,
,3,857,857,,,
,3,858,858,,,
,1,859,859,,,
,2,860,860,,,
,1,861,861,,,
,1,862,862,,,
,3,863,863,,,
,1,864,864,,,
,0,865,865,,,
,1,866,866,,,
,1,867,867,,,
,2,868,868,,,
,4,869,869,,,
,7,870,870,,,
,3,871,871,,,
,5,872,872,,,
,2,873,873,,,
,1,874,874,,,
,2,875,875,,,
,2,876,876,,,
,3,877,877,,,
,1,878,878,,,
,1,879,879,,,
,1,880,880,,,
,2,881,881,,,
,1,882,882,,,
,1,883,883,,,
,2,884,884,,,
,1,885,885,,,
,0,886,886,,,
,1,887,887,,,
,1,888,888,,,
,3,889,889,,,
,2,890,890,,,
,1,891,891,,,
,1,892,892,,,
,1,893,893,,,
,4,894,894,,,
,3,895,895,,,
,0,896,896,,,
,1,897,897,,,
,0,898,898,,,
,0,899,899,,,
,2,900,900,,,
,3,901,901,,,
,0,902,902,,,
,3,903,903,,,
,3,904,904,,,
,0,905,905,,,
,2,906,906,,,
,0,907,907,,,
,4,908,908,,,
,4,909,909,,,
,0,910,910,,,
,1,911,911,,,
,0,912,912,,,
,0,913,913,,,
,1,914,914,,,
,2,915,915,,,
,3,916,916,,,
,4,917,917,,,
,2,918,918,,,
,0,919,919,,,
,1,920,920,,,
,2,921,921,,,
,0,922,922,,,
,4,923,923,,,
,2,924,924,,,
,0,925,925,,,
,1,926,926,,,
,1,927,927,,,
,2,928,928,,,
,1,929,929,,,
,3,930,930,,,
,2,931,931,,,
,1,932,932,,,
,2,933,933,,,
,2,934,934,,,
,2,935,935,,,
,1,936,936,,,
,1,937,937,,,
,4,938,938,,,
,2,939,939,,,
,4,940,940,,,
,2,941,941,,,
,0,942,942,,,
,2,943,943,,,
,1,944,944,,,
,1,945,945,,,
,2,946,946,,,
,0,947,947,,,
,0,948,948,,,
,2,949,949,,,
,1,950,950,,,
,0,951,951,,,
,2,952,952,,,
,4,953,953,,,
,1,954,954,,,
,4,955,955,,,
,2,956,956,,,
,1,957,957,,,
,2,958,958,,,
,2,959,959,,,
,4,960,960,,,
,1,961,961,,,
,3,962,962,,,
,5,963,963,,,
,1,964,964,,,
,3,965,965,,,
,2,966,966,,,
,2,967,967,,,
,0,968,968,,,
,0,969,969,,,
,1,970,970,,,
,2,971,971,,,
,1,972,972,,,
,1,973,973,,,
,2,974,974,,,
,4,975,975,,,
,1,976,976,,,
,1,977,977,,,
,2,978,978,,,
,1,979,979,,,
,1,980,980,,,
,3,981,981,,,
,3,982,982,,,
,3,983,983,,,
,3,984,984,,,
,1,985,985,,,
,2,986,986,,,
,1,987,987,,,
,5,988,988,,,
,1,989,989,,,
,1,990,990,,,
,2,991,991,,,
,0,992,992,,,
,1,993,993,,,
,1,994,994,,,
,1,995,995,,,
,0,996,996,,,
,0,997,997,,,
,1,998,998,,,
,0,999,999,,,
,4,1000,1000,,,
,0,1001,1001,,,
,0,1002,1002,,,
,4,1003,1003,,,
,5,1004,1004,,,
,0,1005,1005,,,
,1,1006,1006,,,
,5,1007,1007,,,
,1,1008,1008,,,
,2,1009,1009,,,
,1,1010,1010,,,
,0,1011,1011,,,
,0,1012,1012,,,
,2,1013,1013,,,
,3,1014,1014,,,
,0,1015,1015,,,
,1,1016,1016,,,
,3,1017,1017,,,
,1,1018,1018,,,
,1,1019,1019,,,
,1,1020,1020,,,
,0,1021,1021,,,
,2,1022,1022,,,
,0,1023,1023,,,
,0,1024,1024,,,
,2,1025,1025,,,
,0,1026,1026,,,
,2,1027,1027,,,
,2,1028,1028,,,
,0,1029,1029,,,
,1,1030,1030,,,
,0,1031,1031,,,
,1,1032,1032,,,
,2,1033,1033,,,
,1,1034,1034,,,
,3,1035,1035,,,
,0,1036,1036,,,
,3,1037,1037,,,
,0,1038,1038,,,
,2,1039,1039,,,
,3,1040,1040,,,
,1,1041,1041,,,
,2,1042,1042,,,
,1,1043,1043,,,
,2,1044,1044,,,
,0,1045,1045,,,
,0,1046,1046,,,
,0,1047,1047,,,
,0,1048,1048,,,
,1,1049,1049,,,
,1,1050,1050,,,
,1,1051,1051,,,
,1,1052,1052,,,
,0,1053,1053,,,
,1,1054,1054,,,
,2,1055,1055,,,
,1,1056,1056,,,
,2,1057,1057,,,
,1,1058,1058,,,
,1,1059,1059,,,
,1,1060,1060,,,
,2,1061,1061,,,
,1,1062,1062,,,
,0,1063,1063,,,
,5,1064,1064,,,
,3,1065,1065,,,
,1,1066,1066,,,
,5,1067,1067,,,
,4,1068,1068,,,
,1,1069,1069,,,
,1,1070,1070,,,
,2,1071,1071,,,
,1,1072,1072,,,
,0,1073,1073,,,
,0,1074,1074,,,
,1,1075,1075,,,
,2,1076,1076,,,
,1,1077,1077,,,
,2,1078,1078,,,
,1,1079,1079,,,
,0,1080,1080,,,
,2,1081,1081,,,
,3,1082,1082,,,
,0,1083,1083,,,
,0,1084,1084,,,
,4,1085,1085,,,
,1,1086,1086,,,
,2,1087,1087,,,
,1,1088,1088,,,
,0,1089,1089,,,
,1,1090,1090,,,
,1,1091,1091,,,
,0,1092,1092,,,
,3,1093,1093,,,
,1,1094,1094,,,
,1,1095,1095,,,
,2,1096,1096,,,
,0,1097,1097,,,
,3,1098,1098,,,
,0,1099,1099,,,
,1,1100,1100,,,
,1,1101,1101,,,
,3,1102,1102,,,
,2,1103,1103,,,
,0,1104,1104,,,
,0,1105,1105,,,
,2,1106,1106,,,
,2,1107,1107,,,
,2,1108,1108,,,
,1,1109,1109,,,
,1,1110,1110,,,
,1,1111,1111,,,
,1,1112,1112,,,
,1,1113,1113,,,
,2,1114,1114,,,
,2,1115,1115,,,
,0,1116,1116,,,
,0,1117,1117,,,
,3,1118,1118,,,
,0,1119,1119,,,
,1,1120,1120,,,
,1,1121,1121,,,
,2,1122,1122,,,
,3,1123,1123,,,
,0,1124,1124,,,
,1,1125,1125,,,
,0,1126,1126,,,
,1,1127,1127,,,
,1,1128,1128,,,
,0,1129,1129,,,
,1,1130,1130,,,
,1,1131,1131,,,
,1,1132,1132,,,
,1,1133,1133,,,
,2,1134,1134,,,
,2,1135,1135,,,
,4,1136,1136,,,
,0,1137,1137,,,
,3,1138,1138,,,
,1,1139,1139,,,
,0,1140,1140,,,
,2,1141,1141,,,
,0,1142,1142,,,
,1,1143,1143,,,
,2,1144,1144,,,
,2,1145,1145,,,
,0,1146,1146,,,
,3,1147,1147,,,
,0,1148,1148,,,
,1,1149,1149,,,
,1,1150,1150,,,
,0,1151,1151,,,
,1,1152,1152,,,
,2,1153,1153,,,
,1,1154,1154,,,
,0,1155,1155,,,
,1,1156,1156,,,
,0,1157,1157,,,
,1,1158,1158,,,
,0,1159,1159,,,
,1,1160,1160,,,
,0,1161,1161,,,
,2,1162,1162,,,
,1,1163,1163,,,
,3,1164,1164,,,
,2,1165,1165,,,
,1,1166,1166,,,
,1,1167,1167,,,
,2,1168,1168,,,
,2,1169,1169,,,
,1,1170,1170,,,
,1,1171,1171,,,
,2,1172,1172,,,
,2,1173,1173,,,
,2,1174,1174,,,
,3,1175,1175,,,
,1,1176,1176,,,
,1,1177,1177,,,
,0,1178,1178,,,
,1,1179,1179,,,
,2,1180,1180,,,
,0,1181,1181,,,
,1,1182,1182,,,
,2,1183,1183,,,
,0,1184,1184,,,
,1,1185,1185,,,
,1,1186,1186,,,
,0,1187,1187,,,
,0,1188,1188,,,
,1,1189,1189,,,
,0,1190,1190,,,
,2,1191,1191,,,
,2,1192,1192,,,
,1,1193,1193,,,
,0,1194,1194,,,
,2,1195,1195,,,
,1,1196,1196,,,
,1,1197,1197,,,
,0,1198,1198,,,
,2,1199,1199,,,
,0,1200,1200,,,
,2,1201,1201,,,
,0,1202,1202,,,
,2,1203,1203,,,
,1,1204,1204,,,
,2,1205,1205,,,
,1,1206,1206,,,
,2,1207,1207,,,
,0,1208,1208,,,
,1,1209,1209,,,
,2,1210,1210,,,
,3,1211,1211,,,
,1,1212,1212,,,
,0,1213,1213,,,
,0,1214,1214,,,
,0,1215,1215,,,
,2,1216,1216,,,
,1,1217,1217,,,
,1,1218,1218,,,
,1,1219,1219,,,
,1,1220,1220,,,
,2,1221,1221,,,
,2,1222,1222,,,
,0,1223,1223,,,
,0,1224,1224,,,
,0,1225,1225,,,
,2,1226,1226,,,
,1,1227,1227,,,
,0,1228,1228,,,
,0,1229,1229,,,
,0,1230,1230,,,
,1,1231,1231,,,
,2,1232,1232,,,
,1,1233,1233,,,
,2,1234,1234,,,
,0,1235,1235,,,
,0,1236,1236,,,
,1,1237,1237,,,
,1,1238,1238,,,
,0,1239,1239,,,
,0,1240,1240,,,
,0,1241,1241,,,
,0,1242,1242,,,
,2,1243,1243,,,
,0,1244,1244,,,
,0,1245,1245,,,
,0,1246,1246,,,
,1,1247,1247,,,
,1,1248,1248,,,
,0,1249,1249,,,
,2,1250,1250,,,
,2,1251,1251,,,
,0,1252,1252,,,
,0,1253,1253,,,
,1,1254,1254,,,
,0,1255,1255,,,
,3,1256,1256,,,
,0,1257,1257,,,
,0,1258,1258,,,
,1,1259,1259,,,
,1,1260,1260,,,
,0,1261,1261,,,
,0,1262,1262,,,
,0,1263,1263,,,
,1,1264,1264,,,
,0,1265,1265,,,
,2,1266,1266,,,
,1,1267,1267,,,
,0,1268,1268,,,
,0,1269,1269,,,
,0,1270,1270,,,
,2,1271,1271,,,
,0,1272,1272,,,
,0,1273,1273,,,
,1,1274,1274,,,
,0,1275,1275,,,
,0,1276,1276,,,
,0,1277,1277,,,
,2,1278,1278,,,
,0,1279,1279,,,
,1,1280,1280,,,
,3,1281,1281,,,
,1,1282,1282,,,
,0,1283,1283,,,
,1,1284,1284,,,
,0,1285,1285,,,
,2,1286,1286,,,
,0,1287,1287,,,
,1,1288,1288,,,
,1,1289,1289,,,
,0,1290,1290,,,
,1,1291,1291,,,
,1,1292,1292,,,
,1,1293,1293,,,
,0,1294,1294,,,
,1,1295,1295,,,
,1,1296,1296,,,
,2,1297,1297,,,
,0,1298,1298,,,
,1,1299,1299,,,
,0,1300,1300,,,
,1,1301,1301,,,
,1,1302,1302,,,
,2,1303,1303,,,
,0,1304,1304,,,
,0,1305,1305,,,
,0,1306,1306,,,
,1,1307,1307,,,
,0,1308,1308,,,
,0,1309,1309,,,
,1,1310,1310,,,
,1,1311,1311,,,
,2,1312,1312,,,
,1,1313,1313,,,
,0,1314,1314,,,
,1,1315,1315,,,
,2,1316,1316,,,
,1,1317,1317,,,
,1,1318,1318,,,
,1,1319,1319,,,
,0,1320,1320,,,
,0,1321,1321,,,
,0,1322,1322,,,
,1,1323,1323,,,
,0,1324,1324,,,
,0,1325,1325,,,
,1,1326,1326,,,
,1,1327,1327,,,
,1,1328,1328,,,
,0,1329,1329,,,
,0,1330,1330,,,
,2,1331,1331,,,
,1,1332,1332,,,
,0,1333,1333,,,
,0,1334,1334,,,
,0,1335,1335,,,
,0,1336,1336,,,
,1,1337,1337,,,
,0,1338,1338,,,
,0,1339,1339,,,
,0,1340,1340,,,
,3,1341,1341,,,
,1,1342,1342,,,
,0,1343,1343,,,
,0,1344,1344,,,
,0,1345,1345,,,
,1,1346,1346,,,
,0,1347,1347,,,
,0,1348,1348,,,
,2,1349,1349,,,
,1,1350,1350,,,
,0,1351,1351,,,
,3,1352,1352,,,
,0,1353,1353,,,
,0,1354,1354,,,
,1,1355,1355,,,
,0,1356,1356,,,
,1,1357,1357,,,
,0,1358,1358,,,
,1,1359,1359,,,
,1,1360,1360,,,
,0,1361,1361,,,
,0,1362,1362,,,
,2,1363,1363,,,
,2,1364,1364,,,
,0,1365,1365,,,
,0,1366,1366,,,
,2,1367,1367,,,
,0,1368,1368,,,
,2,1369,1369,,,
,1,1370,1370,,,
,0,1371,1371,,,
,2,1372,1372,,,
,0,1373,1373,,,
,2,1374,1374,,,
,2,1375,1375,,,
,0,1376,1376,,,
,1,1377,1377,,,
,0,1378,1378,,,
,0,1379,1379,,,
,1,1380,1380,,,
,1,1381,1381,,,
,0,1382,1382,,,
,1,1383,1383,,,
,0,1384,1384,,,
,1,1385,1385,,,
,1,1386,1386,,,
,2,1387,1387,,,
,1,1388,1388,,,
,2,1389,1389,,,
,0,1390,1390,,,
,0,1391,1391,,,
,0,1392,1392,,,
,0,1393,1393,,,
,0,1394,1394,,,
,2,1395,1395,,,
,1,1396,1396,,,
,2,1397,1397,,,
,1,1398,1398,,,
,0,1399,1399,,,
,0,1400,1400,,,
,0,1401,1401,,,
,2,1402,1402,,,
,3,1403,1403,,,
,0,1404,1404,,,
,0,1405,1405,,,
,0,1406,1406,,,
,0,1407,1407,,,
,1,1408,1408,,,
,0,1409,1409,,,
,0,1410,1410,,,
,0,1411,1411,,,
,1,1412,1412,,,
,2,1413,1413,,,
,0,1414,1414,,,
,0,1415,1415,,,
,0,1416,1416,,,
,1,1417,1417,,,
,1,1418,1418,,,
,0,1419,1419,,,
,0,1420,1420,,,
,0,1421,1421,,,
,3,1422,1422,,,
,3,1423,1423,,,
,1,1424,1424,,,
,3,1425,1425,,,
,0,1426,1426,,,
,2,1427,1427,,,
,2,1428,1428,,,
,1,1429,1429,,,
,0,1430,1430,,,
,0,1431,1431,,,
,0,1432,1432,,,
,0,1433,1433,,,
,1,1434,1434,,,
,2,1435,1435,,,
,1,1436,1436,,,
,0,1437,1437,,,
,0,1438,1438,,,
,2,1439,1439,,,
,1,1440,1440,,,
,1,1441,1441,,,
,4,1442,1442,,,
,0,1443,1443,,,
,1,1444,1444,,,
,0,1445,1445,,,
,2,1446,1446,,,
,0,1447,1447,,,
,2,1448,1448,,,
,3,1449,1449,,,
,3,1450,1450,,,
,0,1451,1451,,,
,1,1452,1452,,,
,1,1453,1453,,,
,4,1454,1454,,,
,2,1455,1455,,,
,0,1456,1456,,,
,0,1457,1457,,,
,0,1458,1458,,,
,0,1459,1459,,,
,1,1460,1460,,,
,1,1461,1461,,,
,2,1462,1462,,,
,1,1463,1463,,,
,0,1464,1464,,,
,1,1465,1465,,,
,1,1466,1466,,,
,3,1467,1467,,,
,3,1468,1468,,,
,2,1469,1469,,,
,0,1470,1470,,,
,0,1471,1471,,,
,0,1472,1472,,,
,1,1473,1473,,,
,3,1474,1474,,,
,3,1475,1475,,,
,1,1476,1476,,,
,1,1477,1477,,,
,1,1478,1478,,,
,1,1479,1479,,,
,1,1480,1480,,,
,0,1481,1481,,,
,0,1482,1482,,,
,0,1483,1483,,,
,0,1484,1484,,,
,2,1485,1485,,,
,0,1486,1486,,,
,0,1487,1487,,,
,1,1488,1488,,,
,0,1489,1489,,,
,0,1490,1490,,,
,3,1491,1491,,,
,1,1492,1492,,,
,0,1493,1493,,,
,0,1494,1494,,,
,1,1495,1495,,,
,1,1496,1496,,,
,0,1497,1497,,,
,0,1498,1498,,,
,0,1499,1499,,,
,1,1500,1500,,,
,1,1501,1501,,,
,1,1502,1502,,,
,1,1503,1503,,,
,0,1504,1504,,,
,2,1505,1505,,,
,1,1506,1506,,,
,1,1507,1507,,,
,0,1508,1508,,,
,2,1509,1509,,,
,0,1510,1510,,,
,0,1511,1511,,,
,0,1512,1512,,,
,0,1513,1513,,,
,0,1514,1514,,,
,0,1515,1515,,,
,0,1516,1516,,,
,1,1517,1517,,,
,0,1518,1518,,,
,0,1519,1519,,,
,0,1520,1520,,,
,1,1521,1521,,,
,0,1522,1522,,,
,1,1523,1523,,,
,1,1524,1524,,,
,0,1525,1525,,,
,0,1526,1526,,,
,0,1527,1527,,,
,0,1528,1528,,,
,0,1529,1529,,,
,1,1530,1530,,,
,0,1531,1531,,,
,2,1532,1532,,,
,0,1533,1533,,,
,0,1534,1534,,,
,0,1535,1535,,,
,0,1536,1536,,,
,1,1537,1537,,,
,1,1538,1538,,,
,1,1539,1539,,,
,0,1540,1540,,,
,1,1541,1541,,,
,0,1542,1542,,,
,0,1543,1543,,,
,0,1544,1544,,,
,1,1545,1545,,,
,0,1546,1546,,,
,0,1547,1547,,,
,0,1548,1548,,,
,0,1549,1549,,,
,1,1550,1550,,,
,0,1551,1551,,,
,0,1552,1552,,,
,1,1553,1553,,,
,0,1554,1554,,,
,0,1555,1555,,,
,0,1556,1556,,,
,0,1557,1557,,,
,0,1558,1558,,,
,0,1559,1559,,,
,1,1560,1560,,,
,0,1561,1561,,,
,0,1562,1562,,,
,0,1563,1563,,,
,0,1564,1564,,,
,0,1565,1565,,,
,0,1566,1566,,,
,0,1567,1567,,,
,0,1568,1568,,,
,0,1569,1569,,,
,0,1570,1570,,,
,0,1571,1571,,,
,1,1572,1572,,,
,0,1573,1573,,,
,0,1574,1574,,,
,0,1575,1575,,,
,0,1576,1576,,,
,0,1577,1577,,,
,0,1578,1578,,,
,0,1579,1579,,,
,2,1580,1580,,,
,2,1581,1581,,,
,0,1582,1582,,,
,0,1583,1583,,,
,0,1584,1584,,,
,1,1585,1585,,,
,0,1586,1586,,,
,2,1587,1587,,,
,0,1588,1588,,,
,0,1589,1589,,,
,0,1590,1590,,,
,0,1591,1591,,,
,0,1592,1592,,,
,0,1593,1593,,,
,0,1594,1594,,,
,0,1595,1595,,,
,0,1596,1596,,,
,1,1597,1597,,,
,0,1598,1598,,,
,2,1599,1599,,,
,0,1600,1600,,,
,0,1601,1601,,,
,1,1602,1602,,,
,0,1603,1603,,,
,0,1604,1604,,,
,0,1605,1605,,,
,0,1606,1606,,,
,0,1607,1607,,,
,0,1608,1608,,,
,0,1609,1609,,,
,0,1610,1610,,,
,0,1611,1611,,,
,0,1612,1612,,,
,0,1613,1613,,,
,1,1614,1614,,,
,0,1615,1615,,,
,0,1616,1616,,,
,1,1617,1617,,,
,0,1618,1618,,,
,0,1619,1619,,,
,0,1620,1620,,,
,1,1621,1621,,,
,0,1622,1622,,,
,1,1623,1623,,,
,0,1624,1624,,,
,0,1625,1625,,,
,0,1626,1626,,,
,0,1627,1627,,,
,0,1628,1628,,,
,0,1629,1629,,,
,0,1630,1630,,,
,0,1631,1631,,,
,0,1632,1632,,,
,0,1633,1633,,,
,0,1634,1634,,,
,0,1635,1635,,,
,0,1636,1636,,,
,1,1637,1637,,,
,0,1638,1638,,,
,0,1639,1639,,,
,1,1640,1640,,,
,0,1641,1641,,,
,0,1642,1642,,,
,0,1643,1643,,,
,1,1644,1644,,,
,0,1645,1645,,,
,1,1646,1646,,,
,0,1647,1647,,,
,0,1648,1648,,,
,0,1649,1649,,,
,0,1650,1650,,,
,0,1651,1651,,,
,0,1652,1652,,,
,0,1653,1653,,,
,1,1654,1654,,,
,0,1655,1655,,,
,0,1656,1656,,,
,1,1657,1657,,,
,0,1658,1658,,,
,1,1659,1659,,,
,1,1660,1660,,,
,0,1661,1661,,,
,0,1662,1662,,,
,0,1663,1663,,,
,0,1664,1664,,,
,0,1665,1665,,,
,3,1666,1666,,,
,1,1667,1667,,,
,0,1668,1668,,,
,2,1669,1669,,,
,0,1670,1670,,,
,1,1671,1671,,,
,0,1672,1672,,,
,0,1673,1673,,,
,1,1674,1674,,,
,0,1675,1675,,,
,0,1676,1676,,,
,0,1677,1677,,,
,0,1678,1678,,,
,0,1679,1679,,,
,0,1680,1680,,,
,1,1681,1681,,,
,1,1682,1682,,,
,1,1683,1683,,,
,0,1684,1684,,,
,0,1685,1685,,,
,0,1686,1686,,,
,0,1687,1687,,,
,0,1688,1688,,,
,0,1689,1689,,,
,0,1690,1690,,,
,0,1691,1691,,,
,0,1692,1692,,,
,1,1693,1693,,,
,0,1694,1694,,,
,0,1695,1695,,,
,1,1696,1696,,,
,0,1697,1697,,,
,0,1698,1698,,,
,0,1699,1699,,,
,1,1700,1700,,,
,0,1701,1701,,,
,0,1702,1702,,,
,1,1703,1703,,,
,0,1704,1704,,,
,0,1705,1705,,,
,0,1706,1706,,,
,0,1707,1707,,,
,0,1708,1708,,,
,0,1709,1709,,,
,0,1710,1710,,,
,0,1711,1711,,,
,0,1712,1712,,,
,0,1713,1713,,,
,0,1714,1714,,,
,1,1715,1715,,,
,2,1716,1716,,,
,1,1717,1717,,,
,0,1718,1718,,,
,0,1719,1719,,,
,0,1720,1720,,,
,0,1721,1721,,,
,0,1722,1722,,,
,0,1723,1723,,,
,1,1724,1724,,,
,1,1725,1725,,,
,0,1726,1726,,,
,0,1727,1727,,,
,0,1728,1728,,,
,1,1729,1729,,,
,0,1730,1730,,,
,0,1731,1731,,,
,0,1732,1732,,,
,0,1733,1733,,,
,0,1734,1734,,,
,2,1735,1735,,,
,0,1736,1736,,,
,0,1737,1737,,,
,0,1738,1738,,,
,0,1739,1739,,,
,0,1740,1740,,,
,1,1741,1741,,,
,0,1742,1742,,,
,0,1743,1743,,,
,0,1744,1744,,,
,0,1745,1745,,,
,1,1746,1746,,,
,3,1747,1747,,,
,1,1748,1748,,,
,0,1749,1749,,,
,0,1750,1750,,,
,0,1751,1751,,,
,1,1752,1752,,,
,0,1753,1753,,,
,0,1754,1754,,,
,1,1755,1755,,,
,0,1756,1756,,,
,1,1757,1757,,,
,0,1758,1758,,,
,0,1759,1759,,,
,0,1760,1760,,,
,0,1761,1761,,,
,0,1762,1762,,,
,0,1763,1763,,,
,0,1764,1764,,,
,1,1765,1765,,,
,0,1766,1766,,,
,1,1767,1767,,,
,0,1768,1768,,,
,0,1769,1769,,,
,0,1770,1770,,,
,0,1771,1771,,,
,1,1772,1772,,,
,1,1773,1773,,,
,0,1774,1774,,,
,1,1775,1775,,,
,1,1776,1776,,,
,0,1777,1777,,,
,0,1778,1778,,,
,0,1779,1779,,,
,1,1780,1780,,,
,0,1781,1781,,,
,1,1782,1782,,,
,2,1783,1783,,,
,1,1784,1784,,,
,0,1785,1785,,,
,0,1786,1786,,,
,0,1787,1787,,,
,1,1788,1788,,,
,0,1789,1789,,,
,0,1790,1790,,,
,0,1791,1791,,,
,0,1792,1792,,,
,0,1793,1793,,,
,0,1794,1794,,,
,0,1795,1795,,,
,0,1796,1796,,,
,0,1797,1797,,,
,0,1798,1798,,,
,0,1799,1799,,,
,0,1800,1800,,,
,0,1801,1801,,,
,0,1802,1802,,,
,1,1803,1803,,,
,1,1804,1804,,,
,0,1805,1805,,,
,1,1806,1806,,,
,0,1807,1807,,,
,0,1808,1808,,,
,0,1809,1809,,,
,0,1810,1810,,,
,0,1811,1811,,,
,0,1812,1812,,,
,0,1813,1813,,,
,0,1814,1814,,,
,0,1815,1815,,,
,0,1816,1816,,,
,1,1817,1817,,,
,1,1818,1818,,,
,0,1819,1819,,,
,0,1820,1820,,,
,0,1821,1821,,,
,1,1822,1822,,,
,0,1823,1823,,,
,0,1824,1824,,,
,1,1825,1825,,,
,0,1826,1826,,,
,0,1827,1827,,,
,0,1828,1828,,,
,0,1829,1829,,,
,0,1830,1830,,,
,0,1831,1831,,,
,0,1832,1832,,,
,2,1833,1833,,,
,0,1834,1834,,,
,0,1835,1835,,,
,0,1836,1836,,,
,0,1837,1837,,,
,0,1838,1838,,,
,0,1839,1839,,,
,0,1840,1840,,,
,0,1841,1841,,,
,0,1842,1842,,,
,0,1843,1843,,,
,0,1844,1844,,,
,0,1845,1845,,,
,0,1846,1846,,,
,0,1847,1847,,,
,0,1848,1848,,,
,0,1849,1849,,,
,0,1850,1850,,,
,1,1851,1851,,,
,0,1852,1852,,,
,1,1853,1853,,,
,1,1854,1854,,,
,0,1855,1855,,,
,0,1856,1856,,,
,0,1857,1857,,,
,0,1858,1858,,,
,0,1859,1859,,,
,2,1860,1860,,,
,0,1861,1861,,,
,0,1862,1862,,,
,0,1863,1863,,,
,0,1864,1864,,,
,0,1865,1865,,,
,0,1866,1866,,,
,0,1867,1867,,,
,0,1868,1868,,,
,0,1869,1869,,,
,0,1870,1870,,,
,0,1871,1871,,,
,0,1872,1872,,,
,0,1873,1873,,,
,0,1874,1874,,,
,0,1875,1875,,,
,0,1876,1876,,,
,0,1877,1877,,,
,0,1878,1878,,,
,0,1879,1879,,,
,0,1880,1880,,,
,0,1881,1881,,,
,0,1882,1882,,,
,0,1883,1883,,,
,0,1884,1884,,,
,0,1885,1885,,,
,0,1886,1886,,,
,0,1887,1887,,,
,0,1888,1888,,,
,1,1889,1889,,,
,0,1890,1890,,,
,0,1891,1891,,,
,0,1892,1892,,,
,0,1893,1893,,,
,0,1894,1894,,,
,0,1895,1895,,,
,1,1896,1896,,,
,0,1897,1897,,,
,0,1898,1898,,,
,0,1899,1899,,,
,0,1900,1900,,,
,0,1901,1901,,,
,0,1902,1902,,,
,0,1903,1903,,,
,0,1904,1904,,,
,0,1905,1905,,,
,0,1906,1906,,,
,0,1907,1907,,,
,0,1908,1908,,,
,0,1909,1909,,,
,0,1910,1910,,,
,0,1911,1911,,,
,0,1912,1912,,,
,0,1913,1913,,,
,0,1914,1914,,,
,0,1915,1915,,,
,0,1916,1916,,,
,0,1917,1917,,,
,0,1918,1918,,,
,0,1919,1919,,,
,1,1920,1920,,,
,2,1921,1921,,,
,1,1922,1922,,,
,0,1923,1923,,,
,1,1924,1924,,,
,1,1925,1925,,,
,0,1926,1926,,,
,0,1927,1927,,,
,1,1928,1928,,,
,0,1929,1929,,,
,0,1930,1930,,,
,0,1931,1931,,,
,0,1932,1932,,,
,0,1933,1933,,,
,0,1934,1934,,,
,0,1935,1935,,,
,0,1936,1936,,,
,0,1937,1937,,,
,0,1938,1938,,,
,0,1939,1939,,,
,0,1940,1940,,,
,0,1941,1941,,,
,0,1942,1942,,,
,0,1943,1943,,,
,0,1944,1944,,,
,0,1945,1945,,,
,0,1946,1946,,,
,0,1947,1947,,,
,1,1948,1948,,,
,1,1949,1949,,,
,0,1950,1950,,,
,1,1951,1951,,,
,0,1952,1952,,,
,0,1953,1953,,,
,0,1954,1954,,,
,0,1955,1955,,,
,0,1956,1956,,,
,0,1957,1957,,,
,0,1958,1958,,,
,0,1959,1959,,,
,0,1960,1960,,,
,0,1961,1961,,,
,0,1962,1962,,,
,0,1963,1963,,,
,0,1964,1964,,,
,0,1965,1965,,,
,0,1966,1966,,,
,0,1967,1967,,,
,0,1968,1968,,,
,0,1969,1969,,,
,0,1970,1970,,,
,0,1971,1971,,,
,0,1972,1972,,,
,0,1973,1973,,,
,0,1974,1974,,,
,0,1975,1975,,,
,0,1976,1976,,,
,0,1977,1977,,,
,0,1978,1978,,,
,0,1979,1979,,,
,0,1980,1980,,,
,0,1981,1981,,,
,0,1982,1982,,,
,0,1983,1983,,,
,0,1984,1984,,,
,0,1985,1985,,,
,0,1986,1986,,,
,0,1987,1987,,,
,0,1988,1988,,,
,0,1989,1989,,,
,0,1990,1990,,,
,0,1991,1991,,,
,0,1992,1992,,,
,0,1993,1993,,,
,1,1994,1994,,,
,0,1995,1995,,,
,0,1996,1996,,,
,0,1997,1997,,,
,0,1998,1998,,,
,0,1999,1999,,,
,0,2000,2000,,,
,0,2001,2001,,,
,1,2002,2002,,,
,0,2003,2003,,,
,0,2004,2004,,,
,0,2005,2005,,,
,0,2006,2006,,,
,0,2007,2007,,,
,0,2008,2008,,,
,0,2009,2009,,,
,0,2010,2010,,,
,0,2011,2011,,,
,0,2012,2012,,,
,0,2013,2013,,,
,0,2014,2014,,,
,0,2015,2015,,,
,0,2016,2016,,,
,0,2017,2017,,,
,0,2018,2018,,,
,1,2019,2019,,,
,0,2020,2020,,,
,0,2021,2021,,,
,0,2022,2022,,,
,0,2023,2023,,,
,0,2024,2024,,,
,0,2025,2025,,,
,0,2026,2026,,,
,0,2027,2027,,,
,0,2028,2028,,,
,0,2029,2029,,,
,0,2030,2030,,,
,0,2031,2031,,,
,0,2032,2032,,,
,0,2033,2033,,,
,0,2034,2034,,,
,0,2035,2035,,,
,0,2036,2036,,,
,0,2037,2037,,,
,0,2038,2038,,,
,0,2039,2039,,,
,0,2040,2040,,,
,1,2041,2041,,,
,0,2042,2042,,,
,0,2043,2043,,,
,0,2044,2044,,,
,0,2045,2045,,,
,0,2046,2046,,,
,18,2047,2047,,,
