Time t / s,Events N,Channel n,Energy E / keV,Voltage U / V,
0,0,0,0,696.109375,
1.001,0,1,1,696.109375,
2.001,0,2,2,696.109375,
3,0,3,3,696.109375,
3.999,0,4,4,696.109375,
5,0,5,5,696.109375,
6,0,6,6,694.9453125,
7.001,0,7,7,696.109375,
8,0,8,8,696.109375,
9.001,0,9,9,696.109375,
10.001,0,10,10,696.109375,
11,0,11,11,696.109375,
12.001,0,12,12,696.109375,
13.001,0,13,13,696.497395833333,
14,2,14,14,696.109375,
15,4,15,15,696.109375,
16,3,16,16,696.109375,
17,5,17,17,696.109375,
18,2,18,18,696.109375,
19.001,5,19,19,696.109375,
20.001,2,20,20,696.109375,
21.001,4,21,21,696.109375,
22.001,5,22,22,696.109375,
23.001,3,23,23,696.109375,
24.001,3,24,24,696.109375,
25,5,25,25,696.109375,
26,6,26,26,696.109375,
27,4,27,27,696.109375,
28.001,8,28,28,696.109375,
29,3,29,29,696.109375,
30,3,30,30,696.109375,
31.001,11,31,31,696.109375,
32.001,3,32,32,695.333333333333,
33.001,6,33,33,696.109375,
34.001,11,34,34,696.109375,
35.001,9,35,35,696.109375,
36.001,8,36,36,696.109375,
37.001,10,37,37,696.109375,
38.001,6,38,38,696.109375,
39.001,2,39,39,696.109375,
40.001,3,40,40,696.109375,
41,7,41,41,696.109375,
42,7,42,42,696.109375,
43.001,8,43,43,696.109375,
44.001,6,44,44,696.109375,
45,8,45,45,696.109375,
46.001,11,46,46,696.109375,
47,9,47,47,696.109375,
48,6,48,48,696.109375,
49,12,49,49,696.109375,
50.001,7,50,50,696.109375,
51.001,9,51,51,696.109375,
52,10,52,52,696.109375,
53,9,53,53,696.109375,
54.001,6,54,54,696.109375,
55,9,55,55,696.109375,
56.001,11,56,56,696.109375,
57.001,11,57,57,696.109375,
58,12,58,58,695.721354166667,
59.001,11,59,59,696.109375,
59.999,10,60,60,696.109375,
61.001,4,61,61,696.109375,
62,12,62,62,696.109375,
63,10,63,63,696.109375,
63.999,8,64,64,696.109375,
65.001,16,65,65,696.109375,
66,11,66,66,696.109375,
67.001,8,67,67,695.721354166667,
68,9,68,68,696.109375,
69.001,9,69,69,696.109375,
70.001,14,70,70,696.109375,
71.001,9,71,71,696.109375,
72.001,15,72,72,696.109375,
73.001,9,73,73,696.885416666667,
74,12,74,74,696.109375,
75,6,75,75,696.109375,
76.001,10,76,76,696.109375,
77.001,12,77,77,696.109375,
78,12,78,78,696.109375,
79.001,9,79,79,696.109375,
80,18,80,80,695.333333333333,
81,19,81,81,696.109375,
82.001,19,82,82,696.109375,
83,18,83,83,696.885416666667,
83.999,15,84,84,696.109375,
85.001,25,85,85,696.109375,
86,18,86,86,695.333333333333,
87,15,87,87,696.109375,
88,19,88,88,695.721354166667,
89.001,30,89,89,694.9453125,
90,28,90,90,696.109375,
91.001,33,91,91,696.109375,
92.001,36,92,92,696.109375,
93,28,93,93,696.109375,
93.999,36,94,94,696.109375,
95.001,40,95,95,696.109375,
96,30,96,96,696.109375,
97,40,97,97,696.109375,
98.001,37,98,98,696.109375,
99,31,99,99,695.721354166667,
100,37,100,100,696.109375,
101,35,101,101,696.109375,
102,41,102,102,696.109375,
103.001,33,103,103,696.109375,
104.001,27,104,104,696.109375,
105,28,105,105,696.109375,
106,33,106,106,696.109375,
107,37,107,107,696.109375,
108,39,108,108,695.333333333333,
109,35,109,109,696.109375,
110,28,110,110,696.109375,
111,41,111,111,696.109375,
112.001,29,112,112,696.109375,
113,22,113,113,696.109375,
114.001,30,114,114,696.109375,
115.001,27,115,115,696.109375,
116.001,34,116,116,696.109375,
117,33,117,117,696.109375,
118.001,28,118,118,696.109375,
119.001,30,119,119,696.109375,
120.001,35,120,120,696.109375,
121.001,31,121,121,696.109375,
122,30,122,122,696.109375,
123.001,34,123,123,696.109375,
124,31,124,124,696.109375,
125,41,125,125,696.109375,
126.001,27,126,126,696.109375,
127.001,24,127,127,696.109375,
128,16,128,128,696.109375,
129.001,21,129,129,696.109375,
130.001,32,130,130,696.109375,
131,31,131,131,696.109375,
132.001,25,132,132,696.109375,
133,32,133,133,696.109375,
134,33,134,134,696.109375,
135.001,25,135,135,696.109375,
136,35,136,136,696.109375,
137,27,137,137,696.109375,
138,25,138,138,696.109375,
139.001,27,139,139,696.109375,
140.001,23,140,140,696.109375,
141,32,141,141,696.109375,
142,22,142,142,696.109375,
143.001,19,143,143,695.333333333333,
144.001,22,144,144,696.109375,
145,27,145,145,696.109375,
146.001,30,146,146,696.109375,
147,27,147,147,696.109375,
148,22,148,148,696.109375,
149.001,40,149,149,696.109375,
150.001,35,150,150,696.109375,
151,20,151,151,696.109375,
152.001,25,152,152,696.109375,
153,19,153,153,696.109375,
154.001,31,154,154,695.721354166667,
155,29,155,155,696.109375,
156,28,156,156,696.109375,
157,34,157,157,696.109375,
158.001,27,158,158,696.109375,
159.001,28,159,159,696.109375,
160,22,160,160,696.109375,
161,27,161,161,695.721354166667,
162.001,18,162,162,695.721354166667,
163,27,163,163,696.109375,
164,27,164,164,696.109375,
165.001,21,165,165,696.109375,
166.001,25,166,166,696.109375,
167,15,167,167,696.109375,
168.001,29,168,168,696.109375,
169,24,169,169,696.109375,
170,24,170,170,696.109375,
171,26,171,171,696.109375,
172.001,19,172,172,695.333333333333,
173.001,36,173,173,696.109375,
174.001,39,174,174,696.109375,
175.001,22,175,175,696.109375,
176,22,176,176,696.109375,
177.001,25,177,177,696.109375,
178.001,26,178,178,696.109375,
179,34,179,179,696.109375,
180.001,25,180,180,696.109375,
181,29,181,181,696.109375,
182,23,182,182,695.333333333333,
183,19,183,183,696.109375,
184,26,184,184,696.109375,
185.001,20,185,185,696.109375,
186.001,19,186,186,696.109375,
187.001,21,187,187,696.109375,
188,19,188,188,696.109375,
189.001,20,189,189,696.109375,
190.001,21,190,190,696.109375,
191.001,25,191,191,695.721354166667,
192.001,23,192,192,696.109375,
193.001,20,193,193,695.721354166667,
194.001,28,194,194,696.109375,
195,27,195,195,696.109375,
196.001,24,196,196,696.109375,
197,23,197,197,696.109375,
198,13,198,198,696.109375,
199,20,199,199,696.109375,
200,11,200,200,696.109375,
201.001,17,201,201,695.721354166667,
202.001,24,202,202,696.109375,
203.001,15,203,203,696.109375,
204.001,15,204,204,696.109375,
205,20,205,205,696.109375,
206,21,206,206,696.109375,
207,22,207,207,696.109375,
208,21,208,208,696.109375,
209,15,209,209,696.109375,
210.001,19,210,210,695.721354166667,
211.001,24,211,211,696.109375,
212.001,9,212,212,696.109375,
213.001,25,213,213,696.109375,
214.001,20,214,214,696.109375,
215,14,215,215,696.109375,
216.001,25,216,216,696.109375,
217.001,16,217,217,696.109375,
218.001,14,218,218,696.109375,
219.001,30,219,219,696.109375,
220.001,10,220,220,696.109375,
221,11,221,221,696.109375,
222.001,16,222,222,696.109375,
223,14,223,223,695.721354166667,
224,18,224,224,696.109375,
225.001,20,225,225,696.109375,
226,19,226,226,696.109375,
227.001,18,227,227,696.109375,
228.001,17,228,228,696.109375,
229.001,12,229,229,696.109375,
230,16,230,230,696.109375,
231.001,14,231,231,696.109375,
232.001,16,232,232,696.109375,
233.001,11,233,233,696.109375,
234.001,17,234,234,696.109375,
235,25,235,235,696.109375,
236,21,236,236,695.721354166667,
237.001,16,237,237,695.721354166667,
238.001,12,238,238,696.109375,
239,15,239,239,696.109375,
240.001,12,240,240,696.109375,
241.001,15,241,241,696.109375,
242,12,242,242,696.109375,
243,14,243,243,696.109375,
244,11,244,244,696.109375,
245.001,11,245,245,696.109375,
246,17,246,246,696.109375,
247,18,247,247,696.109375,
248.001,15,248,248,696.109375,
249.001,12,249,249,696.109375,
250.001,14,250,250,696.109375,
251,20,251,251,696.109375,
252.001,8,252,252,696.109375,
253.001,11,253,253,696.109375,
254.001,16,254,254,696.109375,
255,14,255,255,696.109375,
256,19,256,256,696.109375,
257.001,12,257,257,696.109375,
258,13,258,258,696.109375,
259.001,16,259,259,696.109375,
260.001,10,260,260,696.109375,
261.001,14,261,261,694.9453125,
262,14,262,262,696.109375,
263.001,17,263,263,695.333333333333,
264.001,13,264,264,696.109375,
265.001,19,265,265,696.109375,
266,12,266,266,696.109375,
267.001,9,267,267,696.109375,
268.001,15,268,268,696.109375,
269,6,269,269,696.109375,
270,12,270,270,696.109375,
271,15,271,271,696.109375,
272,15,272,272,695.333333333333,
273,11,273,273,696.109375,
274,14,274,274,696.109375,
275.001,14,275,275,696.109375,
276.002,15,276,276,694.9453125,
277,8,277,277,695.721354166667,
278,11,278,278,696.109375,
279,16,279,279,696.109375,
280,20,280,280,696.109375,
281,14,281,281,696.109375,
282,10,282,282,696.109375,
283,8,283,283,696.109375,
284.001,15,284,284,696.109375,
285.001,9,285,285,696.109375,
286,10,286,286,696.109375,
287,10,287,287,695.721354166667,
288,5,288,288,696.109375,
289,12,289,289,696.109375,
290,10,290,290,694.9453125,
291,9,291,291,696.109375,
292.001,11,292,292,696.109375,
293.001,14,293,293,696.109375,
294.001,13,294,294,696.109375,
295,8,295,295,696.109375,
296,4,296,296,696.109375,
297.001,8,297,297,696.109375,
298.001,11,298,298,696.109375,
299.001,6,299,299,696.109375,
300,11,300,300,696.109375,
301.001,9,301,301,696.109375,
302.001,8,302,302,696.109375,
303.001,12,303,303,696.109375,
304,7,304,304,696.109375,
305.001,8,305,305,696.109375,
306,14,306,306,696.109375,
307.001,9,307,307,696.109375,
308,13,308,308,696.109375,
309,12,309,309,695.333333333333,
310.001,9,310,310,696.109375,
311,10,311,311,696.109375,
312.001,11,312,312,696.109375,
313.001,2,313,313,696.109375,
314.001,4,314,314,696.109375,
315,9,315,315,696.109375,
316.001,11,316,316,696.109375,
317.001,9,317,317,696.109375,
318.001,8,318,318,696.109375,
319,7,319,319,696.109375,
320.001,8,320,320,696.109375,
321.001,17,321,321,696.109375,
322.001,10,322,322,696.109375,
323.001,7,323,323,696.109375,
324.001,14,324,324,696.109375,
325,12,325,325,696.109375,
326,8,326,326,696.109375,
327,7,327,327,696.109375,
328,8,328,328,696.109375,
329.001,5,329,329,696.109375,
330,8,330,330,696.109375,
331.001,12,331,331,695.721354166667,
332.001,5,332,332,696.109375,
333.001,7,333,333,696.109375,
334.001,4,334,334,696.109375,
335,6,335,335,696.109375,
336,6,336,336,696.109375,
337.003,8,337,337,696.109375,
338.001,15,338,338,696.109375,
339.001,10,339,339,696.109375,
340.001,12,340,340,696.109375,
341,9,341,341,696.109375,
342.001,7,342,342,696.109375,
343.001,8,343,343,696.109375,
344.001,6,344,344,696.109375,
345.001,9,345,345,696.109375,
346.001,11,346,346,696.109375,
347,8,347,347,696.109375,
348.001,7,348,348,696.109375,
349.001,9,349,349,696.109375,
350.001,6,350,350,695.721354166667,
351.001,7,351,351,696.109375,
352.001,9,352,352,696.109375,
353.001,12,353,353,696.109375,
354,8,354,354,696.109375,
355,5,355,355,696.109375,
356,10,356,356,696.109375,
357.001,5,357,357,696.109375,
358.001,9,358,358,696.109375,
359,9,359,359,696.109375,
360.001,9,360,360,696.109375,
361.002,8,361,361,695.721354166667,
362.001,6,362,362,696.109375,
363.001,6,363,363,696.109375,
364,1,364,364,696.109375,
365,6,365,365,696.109375,
366,7,366,366,696.109375,
367.001,4,367,367,696.109375,
368,9,368,368,696.109375,
369.001,7,369,369,696.109375,
370.001,6,370,370,696.109375,
371,11,371,371,696.109375,
372.001,8,372,372,696.109375,
373,6,373,373,696.109375,
374,7,374,374,695.333333333333,
375.001,8,375,375,696.109375,
376,7,376,376,695.721354166667,
377,8,377,377,696.109375,
378,8,378,378,696.109375,
379,5,379,379,696.109375,
380.001,7,380,380,696.109375,
381.001,7,381,381,696.109375,
382.001,2,382,382,696.109375,
383.001,4,383,383,696.109375,
384,8,384,384,696.109375,
385.001,8,385,385,694.9453125,
386,4,386,386,696.109375,
387.001,5,387,387,696.109375,
388.001,8,388,388,696.109375,
389.001,7,389,389,696.109375,
390.001,9,390,390,696.109375,
391.001,4,391,391,696.109375,
392,5,392,392,696.109375,
393.001,4,393,393,696.109375,
394.001,5,394,394,696.109375,
395,5,395,395,696.109375,
396,1,396,396,696.109375,
397.001,9,397,397,696.109375,
398,4,398,398,696.109375,
399.001,12,399,399,696.109375,
400.001,9,400,400,696.109375,
401.001,4,401,401,696.109375,
402,7,402,402,696.109375,
403.001,7,403,403,696.109375,
404.001,5,404,404,696.109375,
405.001,1,405,405,696.109375,
406.001,9,406,406,696.109375,
407,4,407,407,696.109375,
408,1,408,408,696.109375,
409.001,9,409,409,696.109375,
410.001,2,410,410,696.109375,
411,4,411,411,696.109375,
412,7,412,412,696.109375,
413,7,413,413,696.109375,
414,12,414,414,696.109375,
415,6,415,415,695.721354166667,
416.001,5,416,416,694.9453125,
417.001,2,417,417,695.721354166667,
418.001,6,418,418,696.109375,
419.001,5,419,419,696.109375,
420,13,420,420,696.109375,
421,5,421,421,696.109375,
422,9,422,422,696.109375,
423.001,1,423,423,696.109375,
424.001,7,424,424,696.109375,
425,3,425,425,696.109375,
426.001,4,426,426,696.109375,
427,4,427,427,696.109375,
428,3,428,428,695.721354166667,
429,8,429,429,696.109375,
430.001,7,430,430,696.109375,
431,6,431,431,695.333333333333,
432.001,3,432,432,696.109375,
433,0,433,433,696.109375,
434.001,7,434,434,696.109375,
435.001,5,435,435,696.109375,
436,8,436,436,696.109375,
437.001,3,437,437,696.109375,
438,4,438,438,696.109375,
439,4,439,439,696.109375,
440.001,3,440,440,696.109375,
441.001,5,441,441,696.109375,
442,6,442,442,696.109375,
443,5,443,443,696.109375,
444.001,7,444,444,696.109375,
445.001,4,445,445,695.721354166667,
446.001,3,446,446,696.109375,
447.001,1,447,447,696.109375,
448.001,2,448,448,696.109375,
449,7,449,449,696.109375,
450,4,450,450,696.109375,
451.001,9,451,451,696.109375,
452.001,8,452,452,696.109375,
453.001,6,453,453,696.109375,
454.001,6,454,454,696.109375,
455.001,4,455,455,696.109375,
456.001,5,456,456,696.109375,
457,3,457,457,696.109375,
458,6,458,458,696.109375,
459.001,2,459,459,696.109375,
460.001,7,460,460,696.109375,
461.001,6,461,461,695.333333333333,
462.001,6,462,462,696.109375,
462.999,8,463,463,696.109375,
464,3,464,464,696.109375,
465.001,2,465,465,696.109375,
466.001,6,466,466,695.721354166667,
467,6,467,467,696.109375,
468,3,468,468,696.109375,
469.001,3,469,469,696.109375,
470.001,3,470,470,696.109375,
471,10,471,471,696.109375,
472,2,472,472,696.109375,
473.001,4,473,473,696.109375,
474,4,474,474,696.109375,
475.001,6,475,475,696.109375,
476.001,3,476,476,696.109375,
477,2,477,477,696.109375,
478,2,478,478,696.109375,
479.001,5,479,479,696.109375,
480,2,480,480,696.109375,
481,6,481,481,696.109375,
482.001,6,482,482,696.109375,
483,3,483,483,696.109375,
484,4,484,484,696.109375,
485.001,8,485,485,696.109375,
486,6,486,486,696.109375,
487.001,7,487,487,696.109375,
488.001,3,488,488,696.109375,
489,3,489,489,696.109375,
490,4,490,490,696.109375,
491.001,5,491,491,696.109375,
492,5,492,492,696.109375,
493.001,4,493,493,696.109375,
494,3,494,494,696.109375,
495,1,495,495,696.109375,
496.001,2,496,496,696.109375,
497.001,3,497,497,696.109375,
498.001,5,498,498,696.109375,
499,11,499,499,696.109375,
500.001,4,500,500,696.109375,
501.001,3,501,501,696.109375,
502,4,502,502,696.109375,
503,2,503,503,696.109375,
504.001,7,504,504,696.109375,
505,3,505,505,696.109375,
506,9,506,506,696.109375,
507.001,3,507,507,696.109375,
508,6,508,508,696.109375,
509.001,4,509,509,696.109375,
510,8,510,510,696.109375,
511,3,511,511,695.721354166667,
512.001,4,512,512,695.333333333333,
513,2,513,513,696.109375,
514,10,514,514,696.109375,
515,4,515,515,696.109375,
516.001,2,516,516,696.885416666667,
517.001,1,517,517,696.109375,
518.001,4,518,518,696.109375,
519,2,519,519,696.109375,
520,7,520,520,696.109375,
521.001,3,521,521,696.109375,
522,4,522,522,696.109375,
523,3,523,523,696.109375,
524,4,524,524,696.109375,
525.001,5,525,525,696.109375,
526.001,4,526,526,696.109375,
527.001,9,527,527,696.109375,
528.001,4,528,528,696.109375,
529.001,4,529,529,695.333333333333,
530.001,2,530,530,696.109375,
531.001,3,531,531,696.109375,
532,1,532,532,696.109375,
533,4,533,533,695.333333333333,
534,3,534,534,696.109375,
535,4,535,535,696.109375,
536,2,536,536,696.109375,
537.001,3,537,537,696.109375,
538.001,5,538,538,696.109375,
539,4,539,539,696.109375,
540,5,540,540,696.109375,
541,6,541,541,696.109375,
542,3,542,542,696.109375,
543,5,543,543,696.109375,
544.001,3,544,544,696.109375,
545.001,6,545,545,696.109375,
546.001,6,546,546,696.109375,
547.001,4,547,547,695.721354166667,
548.001,2,548,548,695.721354166667,
549.001,4,549,549,696.109375,
550,5,550,550,696.109375,
551.001,3,551,551,696.109375,
552.001,3,552,552,696.109375,
553.001,4,553,553,696.109375,
554.001,5,554,554,696.109375,
555,3,555,555,696.109375,
556,5,556,556,696.109375,
557,6,557,557,696.109375,
558,3,558,558,696.109375,
559.001,5,559,559,696.109375,
560.001,6,560,560,697.661458333333,
561,1,561,561,696.109375,
562,3,562,562,696.109375,
562.999,3,563,563,696.109375,
564.001,6,564,564,696.109375,
565.001,3,565,565,695.721354166667,
566,3,566,566,695.333333333333,
567.001,1,567,567,695.721354166667,
568,5,568,568,696.109375,
569,5,569,569,696.109375,
570,5,570,570,696.109375,
571.001,6,571,571,696.109375,
572,3,572,572,696.109375,
573.001,4,573,573,696.109375,
574,3,574,574,696.109375,
575.001,3,575,575,696.109375,
576,6,576,576,696.109375,
577,4,577,577,696.109375,
578,1,578,578,696.109375,
579,3,579,579,696.109375,
580,5,580,580,695.721354166667,
581,5,581,581,696.109375,
582,3,582,582,696.109375,
583,4,583,583,696.109375,
584,0,584,584,696.109375,
585.001,0,585,585,696.109375,
586,5,586,586,696.109375,
587,1,587,587,696.885416666667,
588.001,1,588,588,696.109375,
589.001,3,589,589,696.109375,
590,5,590,590,696.109375,
591,3,591,591,696.109375,
592.001,2,592,592,696.109375,
593,4,593,593,696.109375,
594,4,594,594,696.109375,
595,1,595,595,695.721354166667,
596.001,4,596,596,695.721354166667,
597,3,597,597,696.109375,
598.001,2,598,598,696.109375,
598.999,5,599,599,696.109375,
,4,600,600,,
,4,601,601,,
,6,602,602,,
,1,603,603,,
,1,604,604,,
,3,605,605,,
,7,606,606,,
,3,607,607,,
,7,608,608,,
,6,609,609,,
,3,610,610,,
,5,611,611,,
,3,612,612,,
,0,613,613,,
,4,614,614,,
,6,615,615,,
,1,616,616,,
,3,617,617,,
,3,618,618,,
,4,619,619,,
,4,620,620,,
,4,621,621,,
,3,622,622,,
,4,623,623,,
,4,624,624,,
,5,625,625,,
,5,626,626,,
,1,627,627,,
,4,628,628,,
,3,629,629,,
,5,630,630,,
,2,631,631,,
,5,632,632,,
,8,633,633,,
,1,634,634,,
,3,635,635,,
,3,636,636,,
,0,637,637,,
,6,638,638,,
,3,639,639,,
,3,640,640,,
,5,641,641,,
,0,642,642,,
,3,643,643,,
,2,644,644,,
,2,645,645,,
,0,646,646,,
,4,647,647,,
,1,648,648,,
,2,649,649,,
,1,650,650,,
,3,651,651,,
,0,652,652,,
,5,653,653,,
,3,654,654,,
,1,655,655,,
,3,656,656,,
,3,657,657,,
,3,658,658,,
,1,659,659,,
,1,660,660,,
,3,661,661,,
,2,662,662,,
,6,663,663,,
,2,664,664,,
,1,665,665,,
,1,666,666,,
,2,667,667,,
,3,668,668,,
,1,669,669,,
,2,670,670,,
,3,671,671,,
,4,672,672,,
,3,673,673,,
,5,674,674,,
,3,675,675,,
,2,676,676,,
,3,677,677,,
,1,678,678,,
,1,679,679,,
,1,680,680,,
,6,681,681,,
,2,682,682,,
,2,683,683,,
,0,684,684,,
,5,685,685,,
,4,686,686,,
,2,687,687,,
,1,688,688,,
,4,689,689,,
,1,690,690,,
,3,691,691,,
,1,692,692,,
,1,693,693,,
,3,694,694,,
,3,695,695,,
,3,696,696,,
,4,697,697,,
,3,698,698,,
,2,699,699,,
,3,700,700,,
,5,701,701,,
,4,702,702,,
,4,703,703,,
,2,704,704,,
,4,705,705,,
,2,706,706,,
,4,707,707,,
,3,708,708,,
,3,709,709,,
,0,710,710,,
,0,711,711,,
,2,712,712,,
,3,713,713,,
,3,714,714,,
,0,715,715,,
,3,716,716,,
,1,717,717,,
,1,718,718,,
,3,719,719,,
,1,720,720,,
,2,721,721,,
,0,722,722,,
,4,723,723,,
,2,724,724,,
,3,725,725,,
,0,726,726,,
,1,727,727,,
,1,728,728,,
,2,729,729,,
,3,730,730,,
,2,731,731,,
,2,732,732,,
,0,733,733,,
,2,734,734,,
,1,735,735,,
,1,736,736,,
,1,737,737,,
,4,738,738,,
,2,739,739,,
,4,740,740,,
,4,741,741,,
,1,742,742,,
,4,743,743,,
,1,744,744,,
,0,745,745,,
,1,746,746,,
,4,747,747,,
,4,748,748,,
,3,749,749,,
,3,750,750,,
,6,751,751,,
,3,752,752,,
,1,753,753,,
,1,754,754,,
,2,755,755,,
,3,756,756,,
,3,757,757,,
,3,758,758,,
,2,759,759,,
,3,760,760,,
,2,761,761,,
,2,762,762,,
,4,763,763,,
,5,764,764,,
,0,765,765,,
,4,766,766,,
,3,767,767,,
,5,768,768,,
,1,769,769,,
,3,770,770,,
,3,771,771,,
,2,772,772,,
,3,773,773,,
,2,774,774,,
,3,775,775,,
,1,776,776,,
,3,777,777,,
,3,778,778,,
,1,779,779,,
,3,780,780,,
,2,781,781,,
,2,782,782,,
,3,783,783,,
,1,784,784,,
,2,785,785,,
,1,786,786,,
,1,787,787,,
,0,788,788,,
,3,789,789,,
,6,790,790,,
,3,791,791,,
,1,792,792,,
,3,793,793,,
,5,794,794,,
,5,795,795,,
,3,796,796,,
,2,797,797,,
,3,798,798,,
,1,799,799,,
,3,800,800,,
,3,801,801,,
,1,802,802,,
,6,803,803,,
,1,804,804,,
,4,805,805,,
,6,806,806,,
,2,807,807,,
,4,808,808,,
,2,809,809,,
,5,810,810,,
,2,811,811,,
,3,812,812,,
,1,813,813,,
,0,814,814,,
,6,815,815,,
,1,816,816,,
,1,817,817,,
,3,818,818,,
,1,819,819,,
,0,820,820,,
,3,821,821,,
,4,822,822,,
,1,823,823,,
,2,824,824,,
,2,825,825,,
,1,826,826,,
,2,827,827,,
,2,828,828,,
,2,829,829,,
,4,830,830,,
,4,831,831,,
,1,832,832,,
,1,833,833,,
,3,834,834,,
,3,835,835,,
,3,836,836,,
,1,837,837,,
,1,838,838,,
,3,839,839,,
,2,840,840,,
,0,841,841,,
,1,842,842,,
,2,843,843,,
,1,844,844,,
,4,845,845,,
,1,846,846,,
,2,847,847,,
,2,848,848,,
,1,849,849,,
,0,850,850,,
,1,851,851,,
,0,852,852,,
,2,853,853,,
,2,854,854,,
,1,855,855,,
,2,856,856,,
,1,857,857,,
,5,858,858,,
,3,859,859,,
,1,860,860,,
,4,861,861,,
,2,862,862,,
,1,863,863,,
,0,864,864,,
,4,865,865,,
,3,866,866,,
,2,867,867,,
,2,868,868,,
,1,869,869,,
,3,870,870,,
,2,871,871,,
,4,872,872,,
,1,873,873,,
,3,874,874,,
,4,875,875,,
,0,876,876,,
,0,877,877,,
,5,878,878,,
,0,879,879,,
,1,880,880,,
,2,881,881,,
,1,882,882,,
,1,883,883,,
,1,884,884,,
,1,885,885,,
,2,886,886,,
,0,887,887,,
,1,888,888,,
,2,889,889,,
,0,890,890,,
,2,891,891,,
,3,892,892,,
,1,893,893,,
,0,894,894,,
,0,895,895,,
,3,896,896,,
,4,897,897,,
,1,898,898,,
,2,899,899,,
,4,900,900,,
,1,901,901,,
,2,902,902,,
,1,903,903,,
,2,904,904,,
,4,905,905,,
,2,906,906,,
,2,907,907,,
,2,908,908,,
,4,909,909,,
,0,910,910,,
,2,911,911,,
,4,912,912,,
,2,913,913,,
,2,914,914,,
,0,915,915,,
,2,916,916,,
,1,917,917,,
,1,918,918,,
,2,919,919,,
,1,920,920,,
,1,921,921,,
,1,922,922,,
,2,923,923,,
,2,924,924,,
,3,925,925,,
,0,926,926,,
,0,927,927,,
,3,928,928,,
,2,929,929,,
,0,930,930,,
,1,931,931,,
,1,932,932,,
,1,933,933,,
,3,934,934,,
,3,935,935,,
,4,936,936,,
,3,937,937,,
,1,938,938,,
,1,939,939,,
,4,940,940,,
,2,941,941,,
,2,942,942,,
,1,943,943,,
,0,944,944,,
,4,945,945,,
,1,946,946,,
,3,947,947,,
,1,948,948,,
,2,949,949,,
,2,950,950,,
,2,951,951,,
,1,952,952,,
,1,953,953,,
,1,954,954,,
,3,955,955,,
,1,956,956,,
,4,957,957,,
,4,958,958,,
,1,959,959,,
,3,960,960,,
,0,961,961,,
,2,962,962,,
,3,963,963,,
,1,964,964,,
,3,965,965,,
,2,966,966,,
,0,967,967,,
,0,968,968,,
,1,969,969,,
,0,970,970,,
,2,971,971,,
,0,972,972,,
,2,973,973,,
,2,974,974,,
,0,975,975,,
,1,976,976,,
,1,977,977,,
,2,978,978,,
,2,979,979,,
,1,980,980,,
,2,981,981,,
,2,982,982,,
,1,983,983,,
,1,984,984,,
,2,985,985,,
,1,986,986,,
,3,987,987,,
,3,988,988,,
,3,989,989,,
,3,990,990,,
,3,991,991,,
,0,992,992,,
,1,993,993,,
,0,994,994,,
,0,995,995,,
,1,996,996,,
,2,997,997,,
,1,998,998,,
,0,999,999,,
,3,1000,1000,,
,1,1001,1001,,
,2,1002,1002,,
,1,1003,1003,,
,1,1004,1004,,
,1,1005,1005,,
,2,1006,1006,,
,0,1007,1007,,
,1,1008,1008,,
,0,1009,1009,,
,1,1010,1010,,
,2,1011,1011,,
,1,1012,1012,,
,1,1013,1013,,
,0,1014,1014,,
,1,1015,1015,,
,1,1016,1016,,
,1,1017,1017,,
,0,1018,1018,,
,1,1019,1019,,
,2,1020,1020,,
,2,1021,1021,,
,0,1022,1022,,
,1,1023,1023,,
,2,1024,1024,,
,1,1025,1025,,
,0,1026,1026,,
,3,1027,1027,,
,1,1028,1028,,
,1,1029,1029,,
,0,1030,1030,,
,1,1031,1031,,
,1,1032,1032,,
,2,1033,1033,,
,1,1034,1034,,
,3,1035,1035,,
,0,1036,1036,,
,5,1037,1037,,
,1,1038,1038,,
,2,1039,1039,,
,2,1040,1040,,
,2,1041,1041,,
,2,1042,1042,,
,1,1043,1043,,
,2,1044,1044,,
,0,1045,1045,,
,1,1046,1046,,
,1,1047,1047,,
,0,1048,1048,,
,1,1049,1049,,
,0,1050,1050,,
,1,1051,1051,,
,3,1052,1052,,
,2,1053,1053,,
,0,1054,1054,,
,3,1055,1055,,
,0,1056,1056,,
,1,1057,1057,,
,1,1058,1058,,
,2,1059,1059,,
,0,1060,1060,,
,1,1061,1061,,
,4,1062,1062,,
,2,1063,1063,,
,2,1064,1064,,
,1,1065,1065,,
,1,1066,1066,,
,1,1067,1067,,
,0,1068,1068,,
,2,1069,1069,,
,3,1070,1070,,
,1,1071,1071,,
,3,1072,1072,,
,2,1073,1073,,
,2,1074,1074,,
,3,1075,1075,,
,2,1076,1076,,
,1,1077,1077,,
,2,1078,1078,,
,3,1079,1079,,
,3,1080,1080,,
,3,1081,1081,,
,1,1082,1082,,
,1,1083,1083,,
,3,1084,1084,,
,2,1085,1085,,
,2,1086,1086,,
,2,1087,1087,,
,2,1088,1088,,
,0,1089,1089,,
,0,1090,1090,,
,2,1091,1091,,
,3,1092,1092,,
,1,1093,1093,,
,0,1094,1094,,
,3,1095,1095,,
,1,1096,1096,,
,2,1097,1097,,
,1,1098,1098,,
,1,1099,1099,,
,2,1100,1100,,
,0,1101,1101,,
,2,1102,1102,,
,1,1103,1103,,
,2,1104,1104,,
,2,1105,1105,,
,0,1106,1106,,
,4,1107,1107,,
,1,1108,1108,,
,0,1109,1109,,
,1,1110,1110,,
,0,1111,1111,,
,1,1112,1112,,
,1,1113,1113,,
,1,1114,1114,,
,2,1115,1115,,
,3,1116,1116,,
,1,1117,1117,,
,2,1118,1118,,
,1,1119,1119,,
,1,1120,1120,,
,0,1121,1121,,
,0,1122,1122,,
,0,1123,1123,,
,2,1124,1124,,
,3,1125,1125,,
,1,1126,1126,,
,3,1127,1127,,
,1,1128,1128,,
,0,1129,1129,,
,1,1130,1130,,
,2,1131,1131,,
,2,1132,1132,,
,1,1133,1133,,
,1,1134,1134,,
,1,1135,1135,,
,0,1136,1136,,
,0,1137,1137,,
,0,1138,1138,,
,1,1139,1139,,
,1,1140,1140,,
,0,1141,1141,,
,3,1142,1142,,
,3,1143,1143,,
,2,1144,1144,,
,3,1145,1145,,
,0,1146,1146,,
,1,1147,1147,,
,2,1148,1148,,
,2,1149,1149,,
,2,1150,1150,,
,3,1151,1151,,
,1,1152,1152,,
,2,1153,1153,,
,1,1154,1154,,
,3,1155,1155,,
,3,1156,1156,,
,1,1157,1157,,
,1,1158,1158,,
,0,1159,1159,,
,0,1160,1160,,
,0,1161,1161,,
,2,1162,1162,,
,2,1163,1163,,
,2,1164,1164,,
,1,1165,1165,,
,1,1166,1166,,
,0,1167,1167,,
,2,1168,1168,,
,2,1169,1169,,
,3,1170,1170,,
,0,1171,1171,,
,1,1172,1172,,
,0,1173,1173,,
,0,1174,1174,,
,2,1175,1175,,
,1,1176,1176,,
,0,1177,1177,,
,0,1178,1178,,
,1,1179,1179,,
,2,1180,1180,,
,0,1181,1181,,
,0,1182,1182,,
,2,1183,1183,,
,0,1184,1184,,
,0,1185,1185,,
,1,1186,1186,,
,2,1187,1187,,
,0,1188,1188,,
,2,1189,1189,,
,0,1190,1190,,
,1,1191,1191,,
,1,1192,1192,,
,2,1193,1193,,
,2,1194,1194,,
,0,1195,1195,,
,1,1196,1196,,
,1,1197,1197,,
,0,1198,1198,,
,0,1199,1199,,
,0,1200,1200,,
,2,1201,1201,,
,2,1202,1202,,
,1,1203,1203,,
,0,1204,1204,,
,0,1205,1205,,
,2,1206,1206,,
,0,1207,1207,,
,0,1208,1208,,
,1,1209,1209,,
,1,1210,1210,,
,0,1211,1211,,
,1,1212,1212,,
,0,1213,1213,,
,1,1214,1214,,
,0,1215,1215,,
,0,1216,1216,,
,1,1217,1217,,
,0,1218,1218,,
,0,1219,1219,,
,1,1220,1220,,
,0,1221,1221,,
,0,1222,1222,,
,1,1223,1223,,
,1,1224,1224,,
,0,1225,1225,,
,1,1226,1226,,
,2,1227,1227,,
,4,1228,1228,,
,2,1229,1229,,
,1,1230,1230,,
,2,1231,1231,,
,2,1232,1232,,
,0,1233,1233,,
,2,1234,1234,,
,0,1235,1235,,
,3,1236,1236,,
,0,1237,1237,,
,0,1238,1238,,
,1,1239,1239,,
,1,1240,1240,,
,2,1241,1241,,
,2,1242,1242,,
,1,1243,1243,,
,2,1244,1244,,
,0,1245,1245,,
,1,1246,1246,,
,1,1247,1247,,
,1,1248,1248,,
,0,1249,1249,,
,0,1250,1250,,
,1,1251,1251,,
,1,1252,1252,,
,1,1253,1253,,
,0,1254,1254,,
,0,1255,1255,,
,1,1256,1256,,
,0,1257,1257,,
,0,1258,1258,,
,0,1259,1259,,
,0,1260,1260,,
,0,1261,1261,,
,1,1262,1262,,
,2,1263,1263,,
,1,1264,1264,,
,2,1265,1265,,
,0,1266,1266,,
,0,1267,1267,,
,2,1268,1268,,
,1,1269,1269,,
,1,1270,1270,,
,0,1271,1271,,
,0,1272,1272,,
,1,1273,1273,,
,0,1274,1274,,
,0,1275,1275,,
,0,1276,1276,,
,0,1277,1277,,
,0,1278,1278,,
,0,1279,1279,,
,0,1280,1280,,
,2,1281,1281,,
,0,1282,1282,,
,0,1283,1283,,
,1,1284,1284,,
,0,1285,1285,,
,2,1286,1286,,
,0,1287,1287,,
,0,1288,1288,,
,1,1289,1289,,
,1,1290,1290,,
,1,1291,1291,,
,0,1292,1292,,
,0,1293,1293,,
,0,1294,1294,,
,0,1295,1295,,
,0,1296,1296,,
,1,1297,1297,,
,1,1298,1298,,
,1,1299,1299,,
,0,1300,1300,,
,0,1301,1301,,
,0,1302,1302,,
,0,1303,1303,,
,1,1304,1304,,
,0,1305,1305,,
,0,1306,1306,,
,0,1307,1307,,
,0,1308,1308,,
,0,1309,1309,,
,0,1310,1310,,
,1,1311,1311,,
,0,1312,1312,,
,1,1313,1313,,
,0,1314,1314,,
,1,1315,1315,,
,1,1316,1316,,
,1,1317,1317,,
,0,1318,1318,,
,0,1319,1319,,
,1,1320,1320,,
,0,1321,1321,,
,0,1322,1322,,
,0,1323,1323,,
,0,1324,1324,,
,1,1325,1325,,
,0,1326,1326,,
,1,1327,1327,,
,0,1328,1328,,
,0,1329,1329,,
,1,1330,1330,,
,0,1331,1331,,
,0,1332,1332,,
,1,1333,1333,,
,1,1334,1334,,
,1,1335,1335,,
,1,1336,1336,,
,0,1337,1337,,
,1,1338,1338,,
,0,1339,1339,,
,0,1340,1340,,
,0,1341,1341,,
,0,1342,1342,,
,1,1343,1343,,
,1,1344,1344,,
,0,1345,1345,,
,0,1346,1346,,
,1,1347,1347,,
,1,1348,1348,,
,0,1349,1349,,
,0,1350,1350,,
,0,1351,1351,,
,1,1352,1352,,
,0,1353,1353,,
,1,1354,1354,,
,2,1355,1355,,
,1,1356,1356,,
,3,1357,1357,,
,0,1358,1358,,
,0,1359,1359,,
,1,1360,1360,,
,0,1361,1361,,
,0,1362,1362,,
,1,1363,1363,,
,0,1364,1364,,
,0,1365,1365,,
,2,1366,1366,,
,0,1367,1367,,
,0,1368,1368,,
,0,1369,1369,,
,3,1370,1370,,
,0,1371,1371,,
,1,1372,1372,,
,3,1373,1373,,
,1,1374,1374,,
,0,1375,1375,,
,1,1376,1376,,
,1,1377,1377,,
,0,1378,1378,,
,0,1379,1379,,
,2,1380,1380,,
,0,1381,1381,,
,1,1382,1382,,
,0,1383,1383,,
,1,1384,1384,,
,0,1385,1385,,
,2,1386,1386,,
,2,1387,1387,,
,0,1388,1388,,
,0,1389,1389,,
,2,1390,1390,,
,0,1391,1391,,
,1,1392,1392,,
,2,1393,1393,,
,1,1394,1394,,
,0,1395,1395,,
,0,1396,1396,,
,2,1397,1397,,
,1,1398,1398,,
,0,1399,1399,,
,2,1400,1400,,
,2,1401,1401,,
,0,1402,1402,,
,2,1403,1403,,
,0,1404,1404,,
,0,1405,1405,,
,2,1406,1406,,
,2,1407,1407,,
,2,1408,1408,,
,2,1409,1409,,
,0,1410,1410,,
,0,1411,1411,,
,0,1412,1412,,
,0,1413,1413,,
,1,1414,1414,,
,1,1415,1415,,
,0,1416,1416,,
,2,1417,1417,,
,0,1418,1418,,
,0,1419,1419,,
,1,1420,1420,,
,0,1421,1421,,
,1,1422,1422,,
,1,1423,1423,,
,2,1424,1424,,
,0,1425,1425,,
,1,1426,1426,,
,1,1427,1427,,
,1,1428,1428,,
,3,1429,1429,,
,2,1430,1430,,
,0,1431,1431,,
,4,1432,1432,,
,1,1433,1433,,
,1,1434,1434,,
,0,1435,1435,,
,1,1436,1436,,
,2,1437,1437,,
,1,1438,1438,,
,1,1439,1439,,
,0,1440,1440,,
,3,1441,1441,,
,1,1442,1442,,
,0,1443,1443,,
,0,1444,1444,,
,1,1445,1445,,
,2,1446,1446,,
,2,1447,1447,,
,2,1448,1448,,
,2,1449,1449,,
,0,1450,1450,,
,2,1451,1451,,
,1,1452,1452,,
,0,1453,1453,,
,3,1454,1454,,
,1,1455,1455,,
,2,1456,1456,,
,2,1457,1457,,
,0,1458,1458,,
,3,1459,1459,,
,2,1460,1460,,
,2,1461,1461,,
,0,1462,1462,,
,2,1463,1463,,
,2,1464,1464,,
,2,1465,1465,,
,1,1466,1466,,
,3,1467,1467,,
,0,1468,1468,,
,1,1469,1469,,
,2,1470,1470,,
,4,1471,1471,,
,4,1472,1472,,
,3,1473,1473,,
,0,1474,1474,,
,2,1475,1475,,
,1,1476,1476,,
,0,1477,1477,,
,1,1478,1478,,
,1,1479,1479,,
,0,1480,1480,,
,0,1481,1481,,
,1,1482,1482,,
,0,1483,1483,,
,0,1484,1484,,
,0,1485,1485,,
,1,1486,1486,,
,3,1487,1487,,
,1,1488,1488,,
,1,1489,1489,,
,3,1490,1490,,
,0,1491,1491,,
,3,1492,1492,,
,0,1493,1493,,
,1,1494,1494,,
,1,1495,1495,,
,0,1496,1496,,
,2,1497,1497,,
,0,1498,1498,,
,2,1499,1499,,
,0,1500,1500,,
,0,1501,1501,,
,2,1502,1502,,
,0,1503,1503,,
,0,1504,1504,,
,1,1505,1505,,
,1,1506,1506,,
,1,1507,1507,,
,0,1508,1508,,
,0,1509,1509,,
,1,1510,1510,,
,1,1511,1511,,
,0,1512,1512,,
,0,1513,1513,,
,1,1514,1514,,
,2,1515,1515,,
,1,1516,1516,,
,0,1517,1517,,
,1,1518,1518,,
,0,1519,1519,,
,1,1520,1520,,
,1,1521,1521,,
,1,1522,1522,,
,3,1523,1523,,
,2,1524,1524,,
,0,1525,1525,,
,0,1526,1526,,
,0,1527,1527,,
,0,1528,1528,,
,0,1529,1529,,
,0,1530,1530,,
,0,1531,1531,,
,0,1532,1532,,
,1,1533,1533,,
,0,1534,1534,,
,0,1535,1535,,
,1,1536,1536,,
,1,1537,1537,,
,2,1538,1538,,
,0,1539,1539,,
,0,1540,1540,,
,1,1541,1541,,
,0,1542,1542,,
,0,1543,1543,,
,1,1544,1544,,
,1,1545,1545,,
,1,1546,1546,,
,0,1547,1547,,
,0,1548,1548,,
,1,1549,1549,,
,0,1550,1550,,
,0,1551,1551,,
,0,1552,1552,,
,1,1553,1553,,
,1,1554,1554,,
,0,1555,1555,,
,0,1556,1556,,
,0,1557,1557,,
,2,1558,1558,,
,0,1559,1559,,
,1,1560,1560,,
,0,1561,1561,,
,0,1562,1562,,
,1,1563,1563,,
,0,1564,1564,,
,0,1565,1565,,
,0,1566,1566,,
,0,1567,1567,,
,1,1568,1568,,
,0,1569,1569,,
,0,1570,1570,,
,0,1571,1571,,
,1,1572,1572,,
,0,1573,1573,,
,0,1574,1574,,
,1,1575,1575,,
,0,1576,1576,,
,2,1577,1577,,
,0,1578,1578,,
,0,1579,1579,,
,1,1580,1580,,
,0,1581,1581,,
,0,1582,1582,,
,1,1583,1583,,
,1,1584,1584,,
,0,1585,1585,,
,0,1586,1586,,
,1,1587,1587,,
,1,1588,1588,,
,0,1589,1589,,
,0,1590,1590,,
,0,1591,1591,,
,2,1592,1592,,
,0,1593,1593,,
,0,1594,1594,,
,0,1595,1595,,
,0,1596,1596,,
,0,1597,1597,,
,1,1598,1598,,
,0,1599,1599,,
,1,1600,1600,,
,0,1601,1601,,
,0,1602,1602,,
,0,1603,1603,,
,0,1604,1604,,
,0,1605,1605,,
,0,1606,1606,,
,0,1607,1607,,
,0,1608,1608,,
,0,1609,1609,,
,0,1610,1610,,
,0,1611,1611,,
,0,1612,1612,,
,1,1613,1613,,
,0,1614,1614,,
,0,1615,1615,,
,1,1616,1616,,
,0,1617,1617,,
,0,1618,1618,,
,0,1619,1619,,
,0,1620,1620,,
,1,1621,1621,,
,0,1622,1622,,
,0,1623,1623,,
,0,1624,1624,,
,0,1625,1625,,
,0,1626,1626,,
,0,1627,1627,,
,1,1628,1628,,
,0,1629,1629,,
,1,1630,1630,,
,0,1631,1631,,
,0,1632,1632,,
,1,1633,1633,,
,0,1634,1634,,
,0,1635,1635,,
,1,1636,1636,,
,1,1637,1637,,
,0,1638,1638,,
,0,1639,1639,,
,1,1640,1640,,
,1,1641,1641,,
,0,1642,1642,,
,1,1643,1643,,
,0,1644,1644,,
,0,1645,1645,,
,0,1646,1646,,
,0,1647,1647,,
,0,1648,1648,,
,0,1649,1649,,
,0,1650,1650,,
,0,1651,1651,,
,0,1652,1652,,
,1,1653,1653,,
,0,1654,1654,,
,1,1655,1655,,
,0,1656,1656,,
,0,1657,1657,,
,0,1658,1658,,
,0,1659,1659,,
,0,1660,1660,,
,0,1661,1661,,
,0,1662,1662,,
,1,1663,1663,,
,0,1664,1664,,
,0,1665,1665,,
,0,1666,1666,,
,0,1667,1667,,
,0,1668,1668,,
,1,1669,1669,,
,0,1670,1670,,
,0,1671,1671,,
,0,1672,1672,,
,0,1673,1673,,
,1,1674,1674,,
,0,1675,1675,,
,0,1676,1676,,
,0,1677,1677,,
,1,1678,1678,,
,0,1679,1679,,
,0,1680,1680,,
,0,1681,1681,,
,0,1682,1682,,
,0,1683,1683,,
,0,1684,1684,,
,0,1685,1685,,
,1,1686,1686,,
,0,1687,1687,,
,0,1688,1688,,
,0,1689,1689,,
,0,1690,1690,,
,0,1691,1691,,
,0,1692,1692,,
,0,1693,1693,,
,0,1694,1694,,
,0,1695,1695,,
,0,1696,1696,,
,0,1697,1697,,
,0,1698,1698,,
,0,1699,1699,,
,0,1700,1700,,
,1,1701,1701,,
,1,1702,1702,,
,0,1703,1703,,
,1,1704,1704,,
,1,1705,1705,,
,0,1706,1706,,
,1,1707,1707,,
,0,1708,1708,,
,0,1709,1709,,
,0,1710,1710,,
,1,1711,1711,,
,0,1712,1712,,
,0,1713,1713,,
,0,1714,1714,,
,0,1715,1715,,
,1,1716,1716,,
,0,1717,1717,,
,0,1718,1718,,
,0,1719,1719,,
,0,1720,1720,,
,0,1721,1721,,
,0,1722,1722,,
,0,1723,1723,,
,0,1724,1724,,
,0,1725,1725,,
,0,1726,1726,,
,0,1727,1727,,
,0,1728,1728,,
,0,1729,1729,,
,0,1730,1730,,
,0,1731,1731,,
,0,1732,1732,,
,0,1733,1733,,
,0,1734,1734,,
,0,1735,1735,,
,0,1736,1736,,
,2,1737,1737,,
,0,1738,1738,,
,0,1739,1739,,
,0,1740,1740,,
,0,1741,1741,,
,0,1742,1742,,
,0,1743,1743,,
,0,1744,1744,,
,0,1745,1745,,
,0,1746,1746,,
,0,1747,1747,,
,0,1748,1748,,
,2,1749,1749,,
,0,1750,1750,,
,0,1751,1751,,
,1,1752,1752,,
,0,1753,1753,,
,0,1754,1754,,
,0,1755,1755,,
,0,1756,1756,,
,1,1757,1757,,
,1,1758,1758,,
,0,1759,1759,,
,1,1760,1760,,
,1,1761,1761,,
,0,1762,1762,,
,0,1763,1763,,
,1,1764,1764,,
,3,1765,1765,,
,1,1766,1766,,
,0,1767,1767,,
,0,1768,1768,,
,0,1769,1769,,
,0,1770,1770,,
,0,1771,1771,,
,0,1772,1772,,
,0,1773,1773,,
,1,1774,1774,,
,0,1775,1775,,
,0,1776,1776,,
,0,1777,1777,,
,1,1778,1778,,
,0,1779,1779,,
,0,1780,1780,,
,1,1781,1781,,
,0,1782,1782,,
,0,1783,1783,,
,1,1784,1784,,
,2,1785,1785,,
,0,1786,1786,,
,0,1787,1787,,
,0,1788,1788,,
,0,1789,1789,,
,0,1790,1790,,
,1,1791,1791,,
,0,1792,1792,,
,0,1793,1793,,
,0,1794,1794,,
,0,1795,1795,,
,1,1796,1796,,
,0,1797,1797,,
,1,1798,1798,,
,0,1799,1799,,
,0,1800,1800,,
,0,1801,1801,,
,0,1802,1802,,
,1,1803,1803,,
,1,1804,1804,,
,1,1805,1805,,
,0,1806,1806,,
,0,1807,1807,,
,0,1808,1808,,
,0,1809,1809,,
,0,1810,1810,,
,0,1811,1811,,
,0,1812,1812,,
,0,1813,1813,,
,0,1814,1814,,
,0,1815,1815,,
,0,1816,1816,,
,0,1817,1817,,
,1,1818,1818,,
,0,1819,1819,,
,0,1820,1820,,
,0,1821,1821,,
,0,1822,1822,,
,0,1823,1823,,
,0,1824,1824,,
,0,1825,1825,,
,0,1826,1826,,
,0,1827,1827,,
,0,1828,1828,,
,0,1829,1829,,
,0,1830,1830,,
,0,1831,1831,,
,1,1832,1832,,
,1,1833,1833,,
,1,1834,1834,,
,0,1835,1835,,
,1,1836,1836,,
,1,1837,1837,,
,0,1838,1838,,
,0,1839,1839,,
,0,1840,1840,,
,2,1841,1841,,
,0,1842,1842,,
,0,1843,1843,,
,0,1844,1844,,
,0,1845,1845,,
,0,1846,1846,,
,0,1847,1847,,
,0,1848,1848,,
,0,1849,1849,,
,0,1850,1850,,
,0,1851,1851,,
,0,1852,1852,,
,1,1853,1853,,
,1,1854,1854,,
,0,1855,1855,,
,0,1856,1856,,
,0,1857,1857,,
,0,1858,1858,,
,0,1859,1859,,
,0,1860,1860,,
,0,1861,1861,,
,0,1862,1862,,
,0,1863,1863,,
,0,1864,1864,,
,0,1865,1865,,
,1,1866,1866,,
,3,1867,1867,,
,0,1868,1868,,
,0,1869,1869,,
,1,1870,1870,,
,0,1871,1871,,
,0,1872,1872,,
,1,1873,1873,,
,0,1874,1874,,
,1,1875,1875,,
,0,1876,1876,,
,0,1877,1877,,
,0,1878,1878,,
,0,1879,1879,,
,0,1880,1880,,
,0,1881,1881,,
,0,1882,1882,,
,0,1883,1883,,
,1,1884,1884,,
,0,1885,1885,,
,0,1886,1886,,
,0,1887,1887,,
,1,1888,1888,,
,0,1889,1889,,
,0,1890,1890,,
,0,1891,1891,,
,0,1892,1892,,
,0,1893,1893,,
,0,1894,1894,,
,0,1895,1895,,
,0,1896,1896,,
,0,1897,1897,,
,0,1898,1898,,
,0,1899,1899,,
,1,1900,1900,,
,3,1901,1901,,
,1,1902,1902,,
,1,1903,1903,,
,0,1904,1904,,
,1,1905,1905,,
,0,1906,1906,,
,0,1907,1907,,
,0,1908,1908,,
,0,1909,1909,,
,0,1910,1910,,
,0,1911,1911,,
,0,1912,1912,,
,0,1913,1913,,
,0,1914,1914,,
,1,1915,1915,,
,1,1916,1916,,
,0,1917,1917,,
,0,1918,1918,,
,0,1919,1919,,
,0,1920,1920,,
,0,1921,1921,,
,0,1922,1922,,
,0,1923,1923,,
,0,1924,1924,,
,1,1925,1925,,
,1,1926,1926,,
,0,1927,1927,,
,0,1928,1928,,
,0,1929,1929,,
,0,1930,1930,,
,1,1931,1931,,
,0,1932,1932,,
,0,1933,1933,,
,0,1934,1934,,
,0,1935,1935,,
,0,1936,1936,,
,0,1937,1937,,
,0,1938,1938,,
,0,1939,1939,,
,0,1940,1940,,
,1,1941,1941,,
,0,1942,1942,,
,0,1943,1943,,
,0,1944,1944,,
,0,1945,1945,,
,0,1946,1946,,
,0,1947,1947,,
,1,1948,1948,,
,0,1949,1949,,
,0,1950,1950,,
,0,1951,1951,,
,0,1952,1952,,
,1,1953,1953,,
,0,1954,1954,,
,0,1955,1955,,
,0,1956,1956,,
,0,1957,1957,,
,0,1958,1958,,
,0,1959,1959,,
,1,1960,1960,,
,0,1961,1961,,
,0,1962,1962,,
,0,1963,1963,,
,0,1964,1964,,
,0,1965,1965,,
,0,1966,1966,,
,0,1967,1967,,
,0,1968,1968,,
,0,1969,1969,,
,0,1970,1970,,
,0,1971,1971,,
,0,1972,1972,,
,0,1973,1973,,
,0,1974,1974,,
,1,1975,1975,,
,1,1976,1976,,
,0,1977,1977,,
,0,1978,1978,,
,0,1979,1979,,
,0,1980,1980,,
,0,1981,1981,,
,0,1982,1982,,
,0,1983,1983,,
,0,1984,1984,,
,0,1985,1985,,
,0,1986,1986,,
,0,1987,1987,,
,1,1988,1988,,
,1,1989,1989,,
,2,1990,1990,,
,0,1991,1991,,
,0,1992,1992,,
,1,1993,1993,,
,1,1994,1994,,
,0,1995,1995,,
,0,1996,1996,,
,0,1997,1997,,
,0,1998,1998,,
,0,1999,1999,,
,0,2000,2000,,
,0,2001,2001,,
,0,2002,2002,,
,0,2003,2003,,
,0,2004,2004,,
,0,2005,2005,,
,0,2006,2006,,
,0,2007,2007,,
,0,2008,2008,,
,0,2009,2009,,
,0,2010,2010,,
,0,2011,2011,,
,0,2012,2012,,
,0,2013,2013,,
,0,2014,2014,,
,0,2015,2015,,
,0,2016,2016,,
,1,2017,2017,,
,0,2018,2018,,
,0,2019,2019,,
,0,2020,2020,,
,0,2021,2021,,
,0,2022,2022,,
,1,2023,2023,,
,0,2024,2024,,
,1,2025,2025,,
,0,2026,2026,,
,0,2027,2027,,
,0,2028,2028,,
,0,2029,2029,,
,0,2030,2030,,
,0,2031,2031,,
,0,2032,2032,,
,0,2033,2033,,
,0,2034,2034,,
,0,2035,2035,,
,0,2036,2036,,
,1,2037,2037,,
,0,2038,2038,,
,0,2039,2039,,
,0,2040,2040,,
,0,2041,2041,,
,0,2042,2042,,
,0,2043,2043,,
,0,2044,2044,,
,1,2045,2045,,
,0,2046,2046,,
,20,2047,2047,,

