Time t / s,Events N,Channel n,Energy E / keV,Rate R / 1/s,Voltage U / V,Dead time t / %
0,0,0,0,,694.9453125,
1.001,0,1,1,1586.58977884548,717.450520833333,11.1061284519184
2.001,1,2,2,1609.26440524036,712.794270833333,11.2648508366826
3,0,3,3,1583.27865584246,712.794270833333,11.0829505908972
4.001,1,4,4,1545.49029729995,721.330729166667,10.8184320810997
5,0,5,5,1612.19954292694,718.2265625,11.2853968004886
6.001,0,6,6,1562.78983398209,714.734375,10.9395288378747
7,2,7,7,1538.35520621712,717.450520833333,10.7684864435198
8,1,8,8,1639.48574797039,725.598958333333,11.4764002357927
9.001,1,9,9,1568.84044892634,711.630208333333,10.9818831424844
10,25,10,10,1597.18717468688,707.361979166667,11.1803102228082
11,109,11,11,1628.08511873163,725.986979166667,11.3965958311214
12.001,142,12,12,1611.3680514757,713.182291666667,11.2795763603299
13.001,188,13,13,1551.68844139838,713.958333333333,10.8618190897887
14.001,266,14,14,1539.69844135065,714.734375,10.7778890894546
15.001,312,15,15,1605.97044172056,715.122395833333,11.2417930920439
15.999,353,16,16,1535.67738729554,722.106770833333,10.7497417110688
17.001,370,17,17,1557.06944529726,712.794270833333,10.8994861170808
18,386,18,18,1593.18759645169,710.078125,11.1523131751618
19,343,19,19,1606.14050344895,714.346354166667,11.2429835241426
20.001,397,20,20,1556.92681034963,708.9140625,10.8984876724474
21,366,21,21,1634.25707053866,712.40625,11.4397994937706
22.001,424,22,22,1603.34259178553,720.5546875,11.2233981424987
23.001,404,23,23,1582.67152752913,714.734375,11.0787006927039
24,398,24,24,1558.69044407781,714.346354166667,10.9108331085446
25.001,432,25,25,1657.70570725538,706.197916666667,11.6039399507877
26.001,432,26,26,1579.23147471587,720.5546875,11.0546203230111
27.001,421,27,27,1608.56592459714,711.2421875,11.25996147218
28,436,28,28,1525.69073316102,716.286458333333,10.6798351321271
29,455,29,29,1562.21774873514,710.078125,10.935524241146
30,434,30,30,1614.31781018067,712.40625,11.3002246712647
31.001,475,31,31,1549.95209138056,717.0625,10.8496646396639
32.001,504,32,32,1617.63398808995,712.40625,11.3234379166296
33.001,459,33,33,1546.81534248594,711.2421875,10.8277073974016
34.001,475,34,34,1569.75912918251,718.614583333333,10.9883139042776
35,491,35,35,1637.73464990174,716.674479166667,11.4641425493122
36,459,36,36,1593.04433270481,713.5703125,11.1513103289337
37.001,491,37,37,1572.75976089647,711.630208333333,11.0093183262753
38,485,38,38,1611.50762490184,723.658854166667,11.2805533743129
39.001,507,39,39,1595.75017414998,716.286458333333,11.1702512190499
40.001,513,40,40,1591.65616470014,712.794270833333,11.141593152901
41,532,41,41,1622.1124770789,717.838541666667,11.3547873395523
42,507,42,42,1576.60443372255,720.166666666667,11.0362310360578
43.001,543,43,43,1623.87364402048,716.674479166667,11.3671155081434
44.001,526,44,44,1556.29826620986,710.854166666667,10.894087863469
45,513,45,45,1526.81973067862,721.71875,10.6877381147503
46,522,46,46,1595.16154313064,715.122395833333,11.1661308019145
47.001,521,47,47,1635.706483313,709.690104166667,11.449945383191
48,535,48,48,1570.99610765439,711.2421875,10.9969727535807
49.001,552,49,49,1558.42345849607,712.018229166667,10.9089642094725
50,613,50,50,1556.58704767323,713.182291666667,10.8961093337126
51,551,51,51,1547.82180980661,710.854166666667,10.8347526686463
52.001,586,52,52,1607.1177503954,713.5703125,11.2498242527678
53,629,53,53,1597.68333694053,712.018229166667,11.1837833585837
54,545,54,54,1580.68158457113,717.838541666667,11.0647710919979
55.001,595,55,55,1575.41787608848,719.390625,11.0279251326194
55.999,580,56,56,1535.7964773597,715.122395833333,10.7505753415179
57.001,588,57,57,1614.16698707456,712.40625,11.2991689095219
58.001,595,58,58,1519.46118062334,711.2421875,10.6362282643634
59.001,604,59,59,1561.31663268278,723.658854166667,10.9292164287795
60,583,60,60,1601.23439159248,715.122395833333,11.2086407411473
61,652,61,61,1596.59919379229,715.122395833333,11.1761943565461
62,599,62,62,1612.5303826765,715.122395833333,11.2877126787355
63,635,63,63,1576.56283293136,715.122395833333,11.0359398305195
64,632,64,64,1612.93010080813,707.361979166667,11.2905107056569
65.001,597,65,65,1605.21216608728,713.958333333333,11.236485162611
66.001,645,66,66,1575.75418234755,719.778645833333,11.0302792764329
67,600,67,67,1563.57070330671,712.794270833333,10.9449949231469
68,673,68,68,1607.12262345617,714.346354166667,11.2498583641932
69,593,69,69,1559.48058751905,710.854166666667,10.9163641126333
70.001,637,70,70,1579.65595333588,712.018229166667,11.0575916733512
71.001,604,71,71,1541.73452020233,715.8984375,10.7921416414163
72,596,72,72,1541.71401205076,708.526041666667,10.7919980843554
73.001,651,73,73,1599.59123999494,707.75,11.1971386799646
74,697,74,74,1612.49720365359,712.40625,11.2874804255751
75,637,75,75,1537.33237125867,720.166666666667,10.7613265988107
76,642,76,76,1548.05495495216,721.71875,10.8363846846651
77,651,77,77,1525.51633920151,712.40625,10.6786143744106
78.001,600,78,78,1556.80588261795,711.630208333333,10.8976411783256
79.001,679,79,79,1626.56719749479,712.40625,11.3859703824635
80,703,80,80,1636.5587211474,709.302083333333,11.4559110480318
81.001,656,81,81,1618.75767197651,709.690104166667,11.3313037038355
82,633,82,82,1551.10111512615,717.450520833333,10.857707805883
83,705,83,83,1539.33004935519,715.510416666667,10.7753103454863
84,732,84,84,1547.65862574922,713.958333333333,10.8336103802445
85.001,716,85,85,1666.16559757146,708.526041666667,11.6631591830002
86,733,86,86,1593.61656464317,718.614583333333,11.1553159525022
87,837,87,87,1600.22048816632,715.122395833333,11.2015434171643
88.001,819,88,88,1607.05986997606,709.302083333333,11.2494190898324
89,871,89,89,1584.28161550063,716.286458333333,11.0899713085044
90,894,90,90,1551.65914480471,721.330729166667,10.861614013633
91,954,91,91,1615.54587005593,728.315104166667,11.3088210903915
92.001,1013,92,92,1596.49477739563,719.778645833333,11.1754634417694
93,974,93,93,1536.21576115338,714.346354166667,10.7535103280736
94.001,1091,94,94,1620.24577559146,717.450520833333,11.3417204291402
95.001,1120,95,95,1534.97151741697,713.958333333333,10.7448006219188
96,1147,96,96,1615.78514515673,718.614583333333,11.3104960160971
97,1182,97,97,1594.67279245114,714.346354166667,11.1627095471579
98.001,1130,98,98,1612.88710123532,713.958333333333,11.2902097086473
99,1130,99,99,1509.26849886595,714.734375,10.5648794920616
100.001,1071,100,100,1543.00381629612,717.0625,10.8010267140728
101.001,1116,101,101,1596.20835025651,712.794270833333,11.1734584517956
102,1062,102,102,1577.30552408001,718.2265625,11.0411386685601
103,1013,103,103,1562.48265089086,712.40625,10.937378556236
104.001,992,104,104,1572.86619207429,720.942708333333,11.01006334452
105,1012,105,105,1563.03222648237,713.958333333333,10.9412255853766
106.001,954,106,106,1614.35662670079,720.166666666667,11.3004963869055
106.999,971,107,107,1602.55016416892,711.630208333333,11.2178511491824
108.001,987,108,108,1504.85714420166,723.658854166667,10.5340000094116
109.001,891,109,109,1575.69575844895,710.466145833333,11.0298703091426
110,935,110,110,1531.78519308998,709.690104166667,10.7224963516298
111,893,111,111,1560.78851315647,708.526041666667,10.9255195920953
112,837,112,112,1607.69006935288,718.2265625,11.2538304854702
113,854,113,113,1592.90218780783,720.166666666667,11.1503153146548
114,843,114,114,1620.81004106319,712.018229166667,11.3456702874423
115,858,115,115,1519.04192555715,715.122395833333,10.6332934789
116.001,769,116,116,1560.58258680128,714.346354166667,10.9240781076089
116.999,784,117,117,1569.12740824827,709.690104166667,10.9838918577379
118.001,765,118,118,1540.82247750499,712.018229166667,10.7857573425349
119,749,119,119,1541.5352088044,715.122395833333,10.7907464616308
120.001,743,120,120,1579.71494921361,707.75,11.0580046444953
121,733,121,121,1572.43494883257,717.838541666667,11.007044641828
122.001,707,122,122,1571.57818361375,713.5703125,11.0010472852963
123,681,123,123,1594.05797627886,715.510416666667,11.158405833952
124.001,802,124,124,1558.22958463797,720.5546875,10.9076070924658
125.001,747,125,125,1552.65672003822,713.958333333333,10.8685970402676
126.001,749,126,126,1642.99724911826,713.958333333333,11.5009807438278
127,745,127,127,1592.07624354063,717.0625,11.1445337047844
128,751,128,128,1554.22460800822,709.302083333333,10.8795722560576
129.001,756,129,129,1548.3787334382,717.450520833333,10.8386511340674
130.001,700,130,130,1573.70365606429,712.018229166667,11.01592559245
131,715,131,131,1660.90220652247,709.690104166667,11.6263154456573
132.001,789,132,132,1565.04310122697,717.0625,10.9553017085888
133,768,133,133,1624.24334740234,716.286458333333,11.3697034318164
134.001,817,134,134,1594.59794660229,714.734375,11.162185626216
135,705,135,135,1543.7698170344,706.973958333333,10.8063887192408
136,726,136,136,1508.8020112031,712.40625,10.5616140784217
137,731,137,137,1536.63070837577,712.794270833333,10.7564149586304
138.001,703,138,138,1590.55345547488,712.018229166667,11.1338741883241
139,722,139,139,1535.32423337106,714.734375,10.7472696335974
140.001,759,140,140,1528.76998455676,714.734375,10.7013898918973
141.001,802,141,141,1619.81453956189,713.182291666667,11.3387017769332
142,723,142,142,1590.46034559494,719.778645833333,11.1332224191645
143,786,143,143,1531.6790265489,715.510416666667,10.7217531858423
144,726,144,144,1610.36088187363,717.838541666667,11.2725261731154
145,779,145,145,1596.62107426488,712.40625,11.1763475198542
146,768,146,146,1585.88641055267,712.794270833333,11.1012048738687
147,735,147,147,1681.57775582551,720.5546875,11.7710442907786
148.001,760,148,148,1544.95834332484,708.138020833333,10.8147084032739
149,782,149,149,1608.00466321352,719.778645833333,11.2560326424947
150,735,150,150,1624.54055180528,715.8984375,11.3717838626369
151,799,151,151,1554.29364181769,712.794270833333,10.8800554927239
152.001,764,152,152,1540.93647164432,715.122395833333,10.7865553015103
153.001,798,153,153,1611.48353173932,714.346354166667,11.2803847221752
154.001,787,154,154,1626.36266155526,717.0625,11.3845386308868
155,773,155,155,1581.71794177377,722.494791666667,11.0720255924164
156,793,156,156,1605.31499144387,719.390625,11.2372049401071
157,797,157,157,1626.54440441216,715.8984375,11.3858108308851
158.001,761,158,158,1609.08496701542,716.286458333333,11.263594769108
159.001,788,159,159,1561.78962693725,715.510416666667,10.9325273885608
160.001,782,160,160,1542.25184582325,710.854166666667,10.7957629207628
161,760,161,161,1541.10743980624,715.8984375,10.7877520786437
162,772,162,162,1554.52766731687,706.5859375,10.8816936712181
163,803,163,163,1531.42391795892,709.302083333333,10.7199674257124
164.001,769,164,164,1594.51670198763,718.614583333333,11.1616169139134
165.001,840,165,165,1547.49252332265,712.018229166667,10.8324476632585
166,771,166,166,1561.31790844652,715.510416666667,10.9292253591256
167,759,167,167,1616.12813685751,712.794270833333,11.3128969580026
168,757,168,168,1605.92837559445,708.138020833333,11.2414986291611
169,774,169,169,1590.87139564383,711.2421875,11.1360997695068
170,789,170,170,1556.76155842714,706.5859375,10.89733090899
170.999,783,171,171,1665.25442143574,711.630208333333,11.6567809500502
172,822,172,172,1598.60587162535,715.122395833333,11.1902411013774
173.001,858,173,173,1505.61424231129,721.330729166667,10.539299696179
174,790,174,174,1589.57611044712,720.5546875,11.1270327731299
175,805,175,175,1602.69773771356,720.5546875,11.2188841639949
176.001,796,176,176,1603.39651995939,707.75,11.2237756397157
176.999,819,177,177,1531.06194701081,715.510416666667,10.7174336290757
178,807,178,178,1600.98963808863,712.794270833333,11.2069274666204
179,801,179,179,1596.17911571677,716.286458333333,11.1732538100174
180,827,180,180,1552.19549707387,716.286458333333,10.8653684795171
181,773,181,181,1546.56976831484,712.794270833333,10.8259883782039
182.001,807,182,182,1568.69318545268,715.8984375,10.9808522981688
183,805,183,183,1540.54096827307,712.794270833333,10.7837867779115
183.999,781,184,184,1580.05738839498,712.40625,11.0604017187649
184.999,836,185,185,1548.09854221887,717.838541666667,10.8366897955321
186.001,772,186,186,1587.96431185376,717.838541666667,11.1157501829763
187,806,187,187,1560.30394960678,721.330729166667,10.9221276472474
188,803,188,188,1564.35347862971,714.734375,10.950474350408
189,810,189,189,1566.57145393497,714.734375,10.9660001775448
190.001,805,190,190,1595.776824158,716.286458333333,11.170437769106
190.999,766,191,191,1561.92083625708,705.809895833333,10.9334458537995
191.999,862,192,192,1609.10905924395,709.690104166667,11.2637634147077
193,828,193,193,1549.58150199292,714.346354166667,10.8470705139505
194,789,194,194,1541.26133140772,712.018229166667,10.788829319854
195,790,195,195,1618.81100609271,721.330729166667,11.3316770426489
196,848,196,196,1605.06496060136,712.40625,11.2354547242095
197,815,197,197,1624.87542371924,708.9140625,11.3741279660347
198,840,198,198,1541.10926464686,723.658854166667,10.787764852528
199,825,199,199,1522.2665627543,719.390625,10.6558659392801
200,747,200,200,1599.42597042866,711.2421875,11.1959817930006
201,817,201,201,1548.7788739012,710.078125,10.8414521173084
202,803,202,202,1532.54306934308,712.40625,10.7278014854016
203,829,203,203,1527.59175060413,713.5703125,10.6931422542289
204,789,204,204,1574.16441808518,717.838541666667,11.0191509265963
205,740,205,205,1605.25127125903,713.958333333333,11.2367588988132
206,851,206,206,1593.91757057782,715.510416666667,11.1574229940447
207.001,887,207,207,1582.82071867269,717.450520833333,11.0797450307088
208.006,804,208,208,1616.54937986568,723.658854166667,11.3158456590597
209,821,209,209,1518.56212022775,711.2421875,10.6299348415942
210.001,861,210,210,1603.77163814504,704.645833333333,11.2264014670153
211,840,211,211,1518.03642709972,712.40625,10.626254989698
212.001,813,212,212,1543.6571348423,709.690104166667,10.8055999438961
212.999,836,213,213,1614.58585872724,713.5703125,11.3021010110907
214,823,214,214,1508.85733273646,716.286458333333,10.5620013291552
215.001,830,215,215,1541.93755152916,710.854166666667,10.7935628607041
216.001,824,216,216,1621.69895402639,710.854166666667,11.3518926781847
217.001,856,217,217,1592.06177777417,720.5546875,11.1444324444192
218.001,877,218,218,1564.62095530492,715.122395833333,10.9523466871344
219.001,899,219,219,1546.8451607994,720.5546875,10.8279161255958
220,881,220,220,1596.09473272078,713.182291666667,11.1726631290454
221,899,221,221,1533.19630370506,715.122395833333,10.7323741259354
222,863,222,222,1559.26438281549,722.8828125,10.9148506797084
222.999,906,223,223,1600.47067250096,723.270833333333,11.2032947075067
224,929,224,224,1644.81697859551,708.9140625,11.5137188501686
225,908,225,225,1688.57882119782,718.2265625,11.8200517483847
226.001,924,226,226,1611.85669350689,712.794270833333,11.2829968545482
227.001,906,227,227,1621.07294828267,715.122395833333,11.3475106379787
228,903,228,228,1624.19732168362,717.0625,11.3693812517854
229,919,229,229,1583.05478940618,712.018229166667,11.0813835258433
230,920,230,230,1491.23552138557,715.122395833333,10.438648649699
231,923,231,231,1561.00386065592,725.986979166667,10.9270270245915
232.001,973,232,232,1611.11039506205,710.466145833333,11.2777727654343
232.999,918,233,233,1516.25734003873,710.078125,10.6138013802711
234,931,234,234,1633.59651387301,712.40625,11.4351755971111
235,944,235,235,1587.36894208803,721.330729166667,11.1115825946162
236,908,236,236,1545.22182628828,715.122395833333,10.816552784018
236.999,948,237,237,1553.97152367208,717.0625,10.8778006657046
237.999,927,238,238,1572.01454163444,717.450520833333,11.0041017914411
239.001,942,239,239,1572.04689825273,710.466145833333,11.0043282877691
240,949,240,240,1546.35751785813,718.614583333333,10.8245026250069
241,915,241,241,1614.64214318034,711.2421875,11.3024950022624
242,932,242,242,1593.41287919999,715.122395833333,11.1538901543999
243.001,1003,243,243,1608.6169468961,712.40625,11.2603186282727
244,969,244,244,1601.73026862276,715.510416666667,11.2121118803593
244.999,979,245,245,1593.51025670739,710.854166666667,11.1545717969517
246,943,246,246,1566.73758410396,717.838541666667,10.9671630887277
247,967,247,247,1593.25951230926,713.958333333333,11.1528165861648
248.001,975,248,248,1555.49601928975,708.9140625,10.8884721350283
249.001,969,249,249,1550.51509463573,712.40625,10.8536056624501
250,925,250,250,1621.60614261299,713.5703125,11.3512429982909
251,972,251,251,1634.09733565943,708.526041666667,11.438681349616
252.001,921,252,252,1553.70319607845,715.122395833333,10.8759223725492
253,946,253,253,1585.3784298312,711.2421875,11.0976490088184
254,930,254,254,1624.18239568304,716.674479166667,11.3692767697812
255.001,974,255,255,1530.23396487718,713.5703125,10.7116377541403
256,1006,256,256,1676.084762058,711.2421875,11.732593334406
257,937,257,257,1581.44201304265,720.166666666667,11.0700940912985
257.999,883,258,258,1596.23905196064,706.973958333333,11.1736733637245
259,962,259,259,1601.85523050757,713.182291666667,11.212986613553
260,914,260,260,1574.71926384371,715.122395833333,11.023034846906
261.001,908,261,261,1568.91480792593,708.138020833333,10.9824036554815
262,924,262,262,1560.1273063882,717.0625,10.9208911447174
263.001,830,263,263,1578.78370983537,719.002604166667,11.0514859688476
264.001,837,264,264,1556.66165137374,708.526041666667,10.8966315596162
265,923,265,265,1584.29410538231,710.466145833333,11.0900587376762
266,912,266,266,1582.31997132008,708.138020833333,11.0762397992405
267,890,267,267,1573.06085003457,710.078125,11.011425950242
268,838,268,268,1557.56855351068,714.346354166667,10.9029798745747
269,926,269,269,1556.56761924935,712.018229166667,10.8959733347454
270,910,270,270,1631.98326992013,711.630208333333,11.4238828894409
271,834,271,271,1623.06739324172,710.466145833333,11.361471752692
272,923,272,272,1542.56570418975,718.614583333333,10.7979599293283
273,882,273,273,1587.37770531343,712.40625,11.111643937194
274.001,883,274,274,1561.04346095992,718.614583333333,10.9273042267195
275.001,861,275,275,1532.98175751709,715.8984375,10.7308723026196
276.001,899,276,276,1588.39217402777,708.9140625,11.1187452181944
277.001,862,277,277,1572.66895318535,715.122395833333,11.0086826722975
278,859,278,278,1591.59844231562,715.8984375,11.1411890962093
278.999,847,279,279,1532.00671994362,718.2265625,10.7240470396053
280.001,885,280,280,1575.25013205773,720.5546875,11.0267509244041
281.001,811,281,281,1611.75302300886,716.286458333333,11.282271161062
282,866,282,282,1608.90613593576,709.690104166667,11.2623429515503
282.999,893,283,283,1571.85222112505,714.346354166667,11.0029655478754
284.001,906,284,284,1572.26311552849,721.330729166667,11.0058418086994
285,857,285,285,1477.50577931214,711.2421875,10.342540455185
286,858,286,286,1546.75125708557,709.302083333333,10.827258799599
287,898,287,287,1590.49120186452,712.794270833333,11.1334384130517
288,897,288,288,1560.65719274386,715.8984375,10.9246003492071
289,852,289,289,1602.94357638611,711.630208333333,11.2206050347028
290,864,290,290,1559.45239714041,721.71875,10.9161667799829
291.001,820,291,291,1545.37491839843,706.973958333333,10.817624428789
292,805,292,292,1553.06308111507,711.630208333333,10.8714415678055
293.001,848,293,293,1618.17293726265,710.466145833333,11.3272105608385
294,819,294,294,1533.97791071809,716.674479166667,10.7378453750266
295,827,295,295,1613.77380453928,713.958333333333,11.2964166317749
296,839,296,296,1551.53114371374,712.794270833333,10.8607180059961
297.001,843,297,297,1640.64655288047,711.2421875,11.4845258701633
298,783,298,298,1572.36672639657,710.854166666667,11.006567084776
299,835,299,299,1566.59787162213,704.2578125,10.9661851013549
300,807,300,300,1638.72749093513,715.122395833333,11.4710924365459
301,800,301,301,1589.6522845846,708.138020833333,11.1275659920922
302,779,302,302,1557.40054075791,715.8984375,10.9018037853053
303,794,303,303,1538.64184805311,713.958333333333,10.7704929363717
304.001,849,304,304,1582.04993926594,719.778645833333,11.0743495748615
305,773,305,305,1547.83685799517,715.510416666667,10.8348580059662
305.999,796,306,306,1587.47351202131,725.986979166667,11.1123145841491
307.001,877,307,307,1556.52472586483,706.5859375,10.8956730810538
308,796,308,308,1573.9805328089,717.0625,11.0178637296623
309,822,309,309,1561.59396373316,715.510416666667,10.9311577461321
310,773,310,310,1469.94887844456,715.510416666667,10.2896421491119
311,833,311,311,1626.76358106074,714.734375,11.3873450674252
312,795,312,312,1616.09437991179,717.838541666667,11.3126606593825
313,844,313,313,1622.156922317,712.40625,11.355098456219
314,811,314,314,1541.88960070459,713.958333333333,10.7932272049321
315,834,315,315,1624.20749061831,720.942708333333,11.3694524343282
316,814,316,316,1577.64482829484,712.018229166667,11.0435137980639
317,791,317,317,1605.47425709555,715.8984375,11.2383197996688
317.999,766,318,318,1632.82555660142,714.346354166667,11.4297788962099
319,775,319,319,1628.24392337924,711.630208333333,11.3977074636547
320.001,823,320,320,1585.48213534688,720.5546875,11.0983749474282
321.001,810,321,321,1551.94769936253,713.5703125,10.8636338955377
321.999,756,322,322,1530.29763838095,707.75,10.7120834686666
323,858,323,323,1549.18977374833,714.734375,10.8443284162383
324,788,324,324,1639.97588336074,712.018229166667,11.4798311835252
325.001,767,325,325,1562.22172578534,710.854166666667,10.9355520804974
326,778,326,326,1531.73359920408,713.5703125,10.7221351944285
327,749,327,327,1594.74149240408,718.2265625,11.1631904468286
328,827,328,328,1544.5074219044,719.390625,10.8115519533308
329.001,760,329,329,1567.98548709031,706.197916666667,10.9758984096322
330,798,330,330,1535.3748931098,706.973958333333,10.7476242517686
331.001,789,331,331,1588.23982421346,720.166666666667,11.1176787694942
332,786,332,332,1578.55124075016,717.450520833333,11.0498586852511
333,818,333,333,1553.75699551342,715.8984375,10.8762989685939
334.001,774,334,334,1535.53764094974,710.854166666667,10.7487634866482
335,796,335,335,1543.64488113934,717.0625,10.8055141679754
336.001,779,336,336,1573.83308268173,712.40625,11.0168315787721
337,795,337,337,1568.64016205013,710.466145833333,10.9804811343509
338.001,734,338,338,1546.58261310287,716.674479166667,10.8260782917201
339,754,339,339,1544.66636907162,720.942708333333,10.8126645835013
340,757,340,340,1565.34494437621,712.794270833333,10.9574146106335
341.001,797,341,341,1578.52144417494,710.078125,11.0496501092246
341.999,808,342,342,1598.206987241,715.8984375,11.187448910687
342.999,810,343,343,1584.86807500391,715.510416666667,11.0940765250274
344,806,344,344,1535.14653045784,712.40625,10.7460257132049
345,787,345,345,1623.7365268886,720.5546875,11.3661556882202
346,791,346,346,1550.91686719234,714.346354166667,10.8564180703463
347,741,347,347,1586.06124519425,719.002604166667,11.1024287163598
348,811,348,348,1617.3481022986,717.838541666667,11.3214367160902
349,796,349,349,1573.42907410851,715.122395833333,11.0140035187596
350,729,350,350,1568.81624098972,712.40625,10.981713686928
351,790,351,351,1625.9371415104,713.958333333333,11.3815599905728
352,779,352,352,1591.04088975087,719.390625,11.1372862282561
353,776,353,353,1569.76122187636,718.2265625,10.9883285531345
354.001,724,354,354,1573.2211342444,719.778645833333,11.0125479397108
355,758,355,355,1587.56610229747,706.5859375,11.1129627160823
355.999,791,356,356,1560.52164692927,711.630208333333,10.9236515285049
357,775,357,357,1562.32870419481,715.510416666667,10.9363009293637
358,753,358,358,1543.15543446981,718.614583333333,10.8020880412887
359,744,359,359,1551.38569770519,714.346354166667,10.8596998839363
360,737,360,360,1560.55711333588,713.5703125,10.9238997933511
361,775,361,361,1589.9379924183,711.2421875,11.1295659469281
361.999,748,362,362,1583.99873280101,712.794270833333,11.0879911296071
363,754,363,363,1554.8511255061,711.2421875,10.8839578785427
364,767,364,364,1604.35692747674,707.361979166667,11.2304984923372
365,766,365,365,1541.40554379857,719.778645833333,10.78983880659
366,722,366,366,1587.18945721427,715.510416666667,11.1103262004999
367,804,367,367,1563.10183303366,719.390625,10.9417128312356
368,745,368,368,1551.76397669914,715.8984375,10.862347836894
369,746,369,369,1613.44113643943,715.510416666667,11.294087955076
370,763,370,370,1591.18759668713,712.018229166667,11.1383131768099
371,755,371,371,1550.09390504409,710.078125,10.8506573353086
372,772,372,372,1598.47442161017,714.346354166667,11.1893209512712
373,737,373,373,1613.81207023374,717.450520833333,11.2966844916362
374,750,374,374,1592.98137400286,709.302083333333,11.15086961802
374.999,777,375,375,1585.3676379365,707.75,11.0975734655555
376,774,376,376,1469.26863072604,714.346354166667,10.2848804150823
377.001,721,377,377,1659.46694234108,714.734375,11.6162685963875
378.001,753,378,378,1520.92116495673,712.40625,10.6464481546971
379,732,379,379,1579.8636608717,710.854166666667,11.0590456261019
380,689,380,380,1545.19341059374,716.286458333333,10.8163538741562
381,784,381,381,1593.86200083253,720.942708333333,11.1570340058277
382,724,382,382,1594.58801635054,713.958333333333,11.1621161144538
383,750,383,383,1596.96532616518,716.674479166667,11.1787572831562
384,774,384,384,1541.63257002358,707.75,10.7914279901651
385,780,385,385,1575.17593815446,719.390625,11.0262315670812
386,717,386,386,1584.76192307954,721.330729166667,11.0933334615568
387,811,387,387,1621.44663025075,715.8984375,11.3501264117553
388,815,388,388,1559.44256980131,712.40625,10.9160979886092
389,739,389,389,1612.0714396342,715.8984375,11.2845000774394
390,766,390,390,1638.87351958594,718.2265625,11.4721146371016
391,694,391,391,1597.54795894992,712.40625,11.1828357126494
392.001,767,392,392,1588.01495132734,716.286458333333,11.1161046592914
393,736,393,393,1622.21776659295,713.5703125,11.3555243661506
394,747,394,394,1578.51723577527,713.182291666667,11.0496206504269
395,685,395,395,1592.17263514578,718.614583333333,11.1452084460205
396,689,396,396,1537.88174722021,706.5859375,10.7651722305415
397,751,397,397,1578.04971867286,711.630208333333,11.04634803071
398.001,774,398,398,1605.63680495472,712.40625,11.239457634683
399,729,399,399,1584.4426932885,716.286458333333,11.0910988530195
399.999,729,400,400,1614.7196690069,711.630208333333,11.3030376830483
401,735,401,401,1594.14745863992,712.40625,11.1590322104795
402,721,402,402,1550.51950178121,714.346354166667,10.8536365124685
403,758,403,403,1600.89610134243,713.182291666667,11.206272709397
403.999,707,404,404,1565.91085369462,716.286458333333,10.9613759758623
405,759,405,405,1559.42219304005,719.390625,10.9159553512804
406,735,406,406,1541.70975611954,708.9140625,10.7919682928368
407,740,407,407,1567.70593798387,715.8984375,10.9739415658871
408,717,408,408,1582.12002484218,716.674479166667,11.0748401738953
409,704,409,409,1568.44524091829,710.078125,10.979116686428
410,712,410,410,1590.66351590493,713.182291666667,11.1346446113345
411,743,411,411,1517.21696432471,720.942708333333,10.620518750273
412,747,412,412,1599.5819759103,710.854166666667,11.1970738313721
413,719,413,413,1549.8842089412,712.794270833333,10.8491894625884
414.001,728,414,414,1539.61507622295,721.71875,10.7773055335607
415,766,415,415,1585.90754558818,715.510416666667,11.1013528191172
416,728,416,416,1530.84604869222,717.450520833333,10.7159223408455
417,756,417,417,1588.85371563003,717.838541666667,11.1219760094102
418,741,418,418,1576.49520623496,710.078125,11.0354664436447
419,696,419,419,1600.40339373597,720.5546875,11.2028237561518
420,713,420,420,1582.21962651845,715.8984375,11.0755373856291
421.001,735,421,421,1527.62768730082,718.614583333333,10.6933938111057
422,766,422,422,1546.83829348486,712.794270833333,10.827868054394
422.999,706,423,423,1592.81947768936,711.630208333333,11.1497363438256
424.001,748,424,424,1587.67749096328,714.346354166667,11.113742436743
425,727,425,425,1596.52532029101,715.8984375,11.175677242037
426,737,426,426,1507.94623626326,713.182291666667,10.5556236538428
427,756,427,427,1571.15750115561,717.838541666667,10.9981025080892
428,735,428,428,1515.41507218827,720.166666666667,10.6079055053179
429,776,429,429,1594.34863363989,715.510416666667,11.1604404354792
430,751,430,430,1537.90336443627,715.8984375,10.7653235510539
431,690,431,431,1599.26401869859,714.346354166667,11.1948481308902
432,714,432,432,1611.23833229122,719.778645833333,11.2786683260385
433,740,433,433,1551.42215362031,715.510416666667,10.8599550753422
434.001,741,434,434,1567.16675687224,718.2265625,10.9701672981057
435,702,435,435,1563.86513019002,719.002604166667,10.9470559113301
436,742,436,436,1563.61387480725,720.5546875,10.9452971236507
437,742,437,437,1584.94816819643,714.346354166667,11.094637177375
438.001,693,438,438,1528.31356106875,720.942708333333,10.6981949274812
439,691,439,439,1559.02145420058,720.942708333333,10.9131501794041
440.001,685,440,440,1584.83547731904,710.466145833333,11.0938483412333
441,737,441,441,1539.16900075628,719.002604166667,10.774183005294
442,758,442,442,1579.30826298081,715.8984375,11.0551578408657
443,765,443,443,1591.46263818892,713.958333333333,11.1402384673224
444,721,444,444,1625.12692241264,714.346354166667,11.3758884568885
445.001,724,445,445,1573.83624417142,715.122395833333,11.0168537091999
446,748,446,446,1548.69628022387,724.046875,10.8408739615671
447,729,447,447,1599.46048467354,715.510416666667,11.1962233927148
448,750,448,448,1606.48370602237,714.346354166667,11.2453859421566
449,742,449,449,1560.82110505247,711.630208333333,10.9257477353673
450.001,742,450,450,1572.8884523539,718.614583333333,11.0102191664773
450.999,741,451,451,1527.37709585297,712.40625,10.6916396709708
451.999,709,452,452,1558.84816708934,708.9140625,10.9119371696254
453,691,453,453,1542.2388928045,715.8984375,10.7956722496315
454.001,752,454,454,1620.81360176999,709.302083333333,11.3456952123899
454.999,721,455,455,1624.00357280786,710.854166666667,11.368025009655
455.999,725,456,456,1570.79545081629,708.526041666667,10.9955681557141
457.001,703,457,457,1571.4067886105,716.286458333333,10.9998475202735
458,675,458,458,1534.37142117625,709.302083333333,10.7405999482337
459,726,459,459,1580.32507286749,718.614583333333,11.0622755100724
460,724,460,460,1592.20994076402,716.674479166667,11.1454695853481
461,767,461,461,1592.17482079532,721.330729166667,11.1452237455673
462,735,462,462,1553.06446039003,719.390625,10.8714512227302
463,732,463,463,1567.50323560294,718.614583333333,10.9725226492206
464,730,464,464,1605.42890505305,715.8984375,11.2380023353713
465.001,736,465,465,1594.35217007544,715.8984375,11.1604651905281
465.999,691,466,466,1488.34483060557,726.763020833333,10.418413814239
467,725,467,467,1582.18014817252,710.854166666667,11.0752610372077
468.001,702,468,468,1514.57571075487,715.122395833333,10.6020299752841
469,737,469,469,1616.81035094378,715.8984375,11.3176724566064
470,664,470,470,1539.88419990875,711.2421875,10.7791893993612
471,744,471,471,1554.94226174768,716.286458333333,10.8845958322338
472,707,472,472,1600.98721548748,719.778645833333,11.2069105084124
473,724,473,473,1533.92380150271,718.2265625,10.737466610519
474.001,675,474,474,1550.97764882447,717.838541666667,10.8568435417713
475.001,770,475,475,1591.32876852358,715.8984375,11.139301379665
476,709,476,476,1603.68572291021,717.0625,11.2258000603714
477,704,477,477,1546.17787830769,705.033854166667,10.8232451481539
478,743,478,478,1459.12711773313,716.286458333333,10.2138898241319
479.001,713,479,479,1598.53379317455,713.5703125,11.1897365522219
480.001,682,480,480,1584.93435505506,711.2421875,11.0945404853854
481,713,481,481,1534.66972065607,720.166666666667,10.7426880445925
482.001,724,482,482,1624.79923075079,715.8984375,11.3735946152555
483,656,483,483,1563.87814679107,715.8984375,10.9471470275375
483.999,722,484,484,1593.06528275458,716.286458333333,11.151456979282
484.999,697,485,485,1579.91958209327,717.838541666667,11.0594370746529
486,767,486,486,1620.56300069177,715.510416666667,11.3439410048424
487,761,487,487,1523.57705460923,723.658854166667,10.6650393822646
488.001,715,488,488,1602.06059210915,715.8984375,11.2144241447641
488.999,766,489,489,1567.3219691953,713.5703125,10.9712537843671
490,640,490,490,1615.00921926112,719.778645833333,11.3050645348278
491,692,491,491,1594.25490525015,708.9140625,11.1597843367511
492,768,492,492,1514.99278605775,713.5703125,10.6049495024043
492.999,733,493,493,1638.24716971509,719.002604166667,11.4677301880056
494,731,494,494,1586.60303192141,711.2421875,11.1062212234499
495,714,495,495,1602.99844657058,721.71875,11.2209891259941
496,709,496,496,1556.15172479317,713.5703125,10.8930620735522
497,723,497,497,1599.05868745265,715.510416666667,11.1934108121686
497.999,742,498,498,1602.75260264031,718.2265625,11.2192682184822
499.001,725,499,499,1594.08190338783,704.2578125,11.1585733237148
499.999,704,500,500,1572.94502577122,715.8984375,11.0106151803985
501.001,741,501,501,1564.23852868424,713.5703125,10.9496697007897
502.001,720,502,502,1569.96593173928,713.958333333333,10.989761522175
503.001,702,503,503,1602.63260183149,717.838541666667,11.2184282128204
504.001,714,504,504,1551.88297537786,712.40625,10.863180827645
505.001,727,505,505,1635.62251793032,708.138020833333,11.4493576255123
506,717,506,506,1593.28716372353,718.2265625,11.1530101460647
507.001,763,507,507,1619.03829125499,714.734375,11.333268038785
508.001,677,508,508,1593.89649824827,712.40625,11.1572754877379
509.001,728,509,509,1570.87076788363,713.182291666667,10.9960953751854
510.001,693,510,510,1589.52648006159,709.690104166667,11.1266853604311
511,743,511,511,1597.61699968528,713.958333333333,11.1833189977969
512.001,732,512,512,1610.03992478742,720.166666666667,11.2702794735119
513.001,706,513,513,1627.72651130132,719.390625,11.3940855791092
514,692,514,514,1570.55917456293,716.286458333333,10.9939142219405
515.001,754,515,515,1607.73634324521,713.182291666667,11.2541544027164
516,689,516,516,1588.38096328412,711.630208333333,11.1186667429889
517.001,726,517,517,1523.26524774993,711.2421875,10.6628567342495
518.001,727,518,518,1496.50288274006,722.106770833333,10.4755201791804
519,679,519,519,1531.95515137417,718.2265625,10.7236860596192
520.001,713,520,520,1519.64886024673,712.794270833333,10.6375420217271
521.001,792,521,521,1555.67905390703,719.778645833333,10.8897533773492
522.001,706,522,522,1588.39754458177,711.2421875,11.1187828120724
523.001,704,523,523,1590.99888630078,713.5703125,11.1369922041055
524.001,728,524,524,1531.22279791021,719.778645833333,10.7185595853715
525,712,525,525,1589.6522845846,709.690104166667,11.1275659920922
526,723,526,526,1634.58289225938,716.286458333333,11.4420802458157
527.001,716,527,527,1578.5153957735,717.838541666667,11.0496077704145
528.001,737,528,528,1607.33890150981,711.630208333333,11.2513723105687
529.001,684,529,529,1597.96501758212,712.018229166667,11.1857551230748
530.001,701,530,530,1663.1655866076,722.494791666667,11.6421591062532
531,736,531,531,1626.9988611008,713.182291666667,11.3889920277056
532,757,532,532,1648.71723257657,710.078125,11.541020628036
533.001,755,533,533,1639.53840626238,719.390625,11.4767688438366
534.001,740,534,534,1591.68224626831,722.106770833333,11.1417757238782
535.001,716,535,535,1579.41947559719,718.614583333333,11.0559363291803
536.001,722,536,536,1525.77540586026,717.0625,10.6804278410218
537,660,537,537,1581.59413069316,712.794270833333,11.0711589148521
538.001,719,538,538,1522.92268449299,719.390625,10.6604587914509
539.001,724,539,539,1578.08900421984,716.674479166667,11.0466230295389
540,708,540,540,1618.94449221676,717.838541666667,11.3326114455173
541,711,541,541,1641.43998487832,717.838541666667,11.4900798941482
542,705,542,542,1555.21997364569,716.286458333333,10.8865398155198
543.001,701,543,543,1565.34771216488,713.5703125,10.9574339851542
544.001,735,544,544,1601.28475895612,716.286458333333,11.2089933126928
545,743,545,545,1586.48891985128,714.734375,11.105422438959
546.001,731,546,546,1514.46751322235,717.450520833333,10.6012725925565
547.001,709,547,547,1603.03786777313,716.286458333333,11.2212650744119
548.001,718,548,548,1595.67646077406,718.614583333333,11.1697352254184
549.001,720,549,549,1657.15662362999,710.466145833333,11.6000963654099
550,668,550,550,1589.84736066352,709.302083333333,11.1289315246446
551.001,722,551,551,1563.95232078084,712.40625,10.9476662454659
552.001,698,552,552,1538.97848251919,721.330729166667,10.7728493776343
553.001,690,553,553,1622.14409823248,707.75,11.3550086876274
554,690,554,554,1559.90028160188,715.8984375,10.9193019712132
555,712,555,555,1537.02825306419,718.614583333333,10.7591977714493
556.001,720,556,556,1619.4054982482,717.0625,11.3358384877374
557.001,690,557,557,1557.94204455594,717.0625,10.9055943118916
558.001,718,558,558,1497.59963889541,719.002604166667,10.4831974722679
559,732,559,559,1565.54809838925,710.854166666667,10.9588366887247
560.001,709,560,560,1593.05348627047,710.854166666667,11.1513744038933
561.001,703,561,561,1528.26592759416,714.734375,10.6978614931591
562.001,709,562,562,1611.67642059372,710.466145833333,11.2817349441561
563.001,683,563,563,1561.2927237434,711.630208333333,10.9290490662038
564.001,692,564,564,1538.7376708394,714.346354166667,10.7711636958758
565.001,723,565,565,1529.09618014973,721.330729166667,10.7036732610481
566.001,732,566,566,1612.82654739155,716.286458333333,11.2897858317409
567.001,711,567,567,1585.21252906348,715.510416666667,11.0964877034444
568,733,568,568,1634.39977085071,713.958333333333,11.440798395955
569.001,787,569,569,1526.63223262853,711.2421875,10.6864256283997
570.001,693,570,570,1543.30006664301,718.614583333333,10.8031004665011
571.001,717,571,571,1560.14561492504,721.330729166667,10.9210193044753
572.001,718,572,572,1648.53408771912,715.8984375,11.5397386140338
573,691,573,573,1599.82224197311,717.0625,11.1987556938118
574.001,747,574,574,1587.28714934123,722.106770833333,11.1110100453886
575,720,575,575,1582.22068325713,712.40625,11.0755447827999
576.001,730,576,576,1560.05011244899,714.734375,10.9203507871429
577,693,577,577,1609.65545169993,721.71875,11.2675881618995
578,738,578,578,1545.46155009349,717.0625,10.8182308506545
579.001,671,579,579,1545.26882022829,715.8984375,10.816881741598
580.001,706,580,580,1574.25658315885,712.018229166667,11.019796082112
581.001,677,581,581,1565.37416340947,723.658854166667,10.9576191438663
582,717,582,582,1557.29136921518,716.674479166667,10.9010395845063
583.001,712,583,583,1577.62505504681,713.182291666667,11.0433753853277
584,697,584,584,1579.56647061024,719.002604166667,11.0569652942717
585.001,701,585,585,1626.91676759854,715.510416666667,11.3884173731898
586.001,688,586,586,1624.44898690364,715.122395833333,11.3711429083255
587.001,649,587,587,1592.37666881686,718.614583333333,11.146636681718
588,684,588,588,1575.43049991356,713.182291666667,11.0280134993949
589.001,697,589,589,1570.29490671404,710.078125,10.9920643469983
590.001,688,590,590,1575.1097994823,720.166666666667,11.0257685963761
591.001,688,591,591,1616.01923062884,713.182291666667,11.3121346144019
592.001,750,592,592,1575.5728944205,722.494791666667,11.0290102609435
593,714,593,593,1593.82196842011,720.5546875,11.1567537789408
594,692,594,594,1535.31695247467,707.75,10.7472186673227
595,726,595,595,1565.45178938642,715.510416666667,10.9581625257049
596.001,706,596,596,1619.25298462309,714.734375,11.3347708923617
597,698,597,597,1560.50885601288,708.138020833333,10.9235619920902
598.001,709,598,598,1544.95159873079,713.182291666667,10.8146611911155
599.001,711,599,599,1635.07983637981,705.809895833333,11.4455588546586
600,657,600,600,1563.11909313337,716.286458333333,10.9418336519336
,718,601,601,,,
,719,602,602,,,
,683,603,603,,,
,681,604,604,,,
,661,605,605,,,
,624,606,606,,,
,686,607,607,,,
,688,608,608,,,
,667,609,609,,,
,663,610,610,,,
,740,611,611,,,
,685,612,612,,,
,676,613,613,,,
,674,614,614,,,
,691,615,615,,,
,702,616,616,,,
,686,617,617,,,
,668,618,618,,,
,712,619,619,,,
,655,620,620,,,
,725,621,621,,,
,732,622,622,,,
,655,623,623,,,
,716,624,624,,,
,685,625,625,,,
,684,626,626,,,
,632,627,627,,,
,640,628,628,,,
,669,629,629,,,
,698,630,630,,,
,710,631,631,,,
,729,632,632,,,
,642,633,633,,,
,708,634,634,,,
,730,635,635,,,
,706,636,636,,,
,667,637,637,,,
,719,638,638,,,
,685,639,639,,,
,677,640,640,,,
,699,641,641,,,
,709,642,642,,,
,706,643,643,,,
,703,644,644,,,
,736,645,645,,,
,741,646,646,,,
,705,647,647,,,
,727,648,648,,,
,650,649,649,,,
,720,650,650,,,
,666,651,651,,,
,737,652,652,,,
,683,653,653,,,
,674,654,654,,,
,710,655,655,,,
,712,656,656,,,
,643,657,657,,,
,699,658,658,,,
,669,659,659,,,
,668,660,660,,,
,690,661,661,,,
,670,662,662,,,
,659,663,663,,,
,702,664,664,,,
,672,665,665,,,
,660,666,666,,,
,651,667,667,,,
,687,668,668,,,
,661,669,669,,,
,682,670,670,,,
,733,671,671,,,
,705,672,672,,,
,716,673,673,,,
,702,674,674,,,
,651,675,675,,,
,741,676,676,,,
,649,677,677,,,
,716,678,678,,,
,678,679,679,,,
,663,680,680,,,
,718,681,681,,,
,675,682,682,,,
,653,683,683,,,
,689,684,684,,,
,680,685,685,,,
,673,686,686,,,
,704,687,687,,,
,708,688,688,,,
,680,689,689,,,
,682,690,690,,,
,722,691,691,,,
,679,692,692,,,
,690,693,693,,,
,693,694,694,,,
,677,695,695,,,
,721,696,696,,,
,715,697,697,,,
,666,698,698,,,
,702,699,699,,,
,677,700,700,,,
,720,701,701,,,
,719,702,702,,,
,669,703,703,,,
,688,704,704,,,
,724,705,705,,,
,714,706,706,,,
,676,707,707,,,
,687,708,708,,,
,730,709,709,,,
,734,710,710,,,
,710,711,711,,,
,645,712,712,,,
,680,713,713,,,
,677,714,714,,,
,736,715,715,,,
,668,716,716,,,
,669,717,717,,,
,692,718,718,,,
,669,719,719,,,
,705,720,720,,,
,691,721,721,,,
,723,722,722,,,
,686,723,723,,,
,688,724,724,,,
,692,725,725,,,
,662,726,726,,,
,703,727,727,,,
,686,728,728,,,
,677,729,729,,,
,702,730,730,,,
,693,731,731,,,
,687,732,732,,,
,685,733,733,,,
,658,734,734,,,
,671,735,735,,,
,671,736,736,,,
,694,737,737,,,
,740,738,738,,,
,668,739,739,,,
,704,740,740,,,
,712,741,741,,,
,688,742,742,,,
,705,743,743,,,
,595,744,744,,,
,773,745,745,,,
,685,746,746,,,
,703,747,747,,,
,677,748,748,,,
,673,749,749,,,
,705,750,750,,,
,693,751,751,,,
,711,752,752,,,
,699,753,753,,,
,701,754,754,,,
,686,755,755,,,
,683,756,756,,,
,664,757,757,,,
,710,758,758,,,
,697,759,759,,,
,648,760,760,,,
,682,761,761,,,
,672,762,762,,,
,691,763,763,,,
,685,764,764,,,
,716,765,765,,,
,652,766,766,,,
,721,767,767,,,
,760,768,768,,,
,686,769,769,,,
,720,770,770,,,
,694,771,771,,,
,748,772,772,,,
,762,773,773,,,
,709,774,774,,,
,630,775,775,,,
,653,776,776,,,
,677,777,777,,,
,710,778,778,,,
,678,779,779,,,
,676,780,780,,,
,694,781,781,,,
,710,782,782,,,
,705,783,783,,,
,688,784,784,,,
,686,785,785,,,
,695,786,786,,,
,703,787,787,,,
,699,788,788,,,
,698,789,789,,,
,705,790,790,,,
,696,791,791,,,
,767,792,792,,,
,710,793,793,,,
,667,794,794,,,
,712,795,795,,,
,727,796,796,,,
,696,797,797,,,
,669,798,798,,,
,740,799,799,,,
,678,800,800,,,
,718,801,801,,,
,702,802,802,,,
,697,803,803,,,
,739,804,804,,,
,694,805,805,,,
,748,806,806,,,
,703,807,807,,,
,716,808,808,,,
,698,809,809,,,
,747,810,810,,,
,706,811,811,,,
,712,812,812,,,
,714,813,813,,,
,746,814,814,,,
,665,815,815,,,
,736,816,816,,,
,697,817,817,,,
,746,818,818,,,
,688,819,819,,,
,661,820,820,,,
,662,821,821,,,
,701,822,822,,,
,703,823,823,,,
,707,824,824,,,
,739,825,825,,,
,688,826,826,,,
,673,827,827,,,
,708,828,828,,,
,729,829,829,,,
,704,830,830,,,
,665,831,831,,,
,754,832,832,,,
,766,833,833,,,
,730,834,834,,,
,718,835,835,,,
,695,836,836,,,
,698,837,837,,,
,731,838,838,,,
,737,839,839,,,
,727,840,840,,,
,767,841,841,,,
,714,842,842,,,
,709,843,843,,,
,728,844,844,,,
,749,845,845,,,
,743,846,846,,,
,776,847,847,,,
,728,848,848,,,
,735,849,849,,,
,741,850,850,,,
,730,851,851,,,
,770,852,852,,,
,734,853,853,,,
,764,854,854,,,
,749,855,855,,,
,785,856,856,,,
,729,857,857,,,
,692,858,858,,,
,741,859,859,,,
,710,860,860,,,
,727,861,861,,,
,740,862,862,,,
,712,863,863,,,
,774,864,864,,,
,763,865,865,,,
,682,866,866,,,
,740,867,867,,,
,720,868,868,,,
,760,869,869,,,
,721,870,870,,,
,730,871,871,,,
,728,872,872,,,
,711,873,873,,,
,761,874,874,,,
,715,875,875,,,
,730,876,876,,,
,701,877,877,,,
,777,878,878,,,
,748,879,879,,,
,697,880,880,,,
,696,881,881,,,
,750,882,882,,,
,713,883,883,,,
,713,884,884,,,
,727,885,885,,,
,778,886,886,,,
,761,887,887,,,
,787,888,888,,,
,713,889,889,,,
,722,890,890,,,
,780,891,891,,,
,719,892,892,,,
,734,893,893,,,
,695,894,894,,,
,756,895,895,,,
,764,896,896,,,
,762,897,897,,,
,752,898,898,,,
,770,899,899,,,
,794,900,900,,,
,724,901,901,,,
,716,902,902,,,
,711,903,903,,,
,718,904,904,,,
,767,905,905,,,
,703,906,906,,,
,723,907,907,,,
,820,908,908,,,
,752,909,909,,,
,743,910,910,,,
,697,911,911,,,
,756,912,912,,,
,663,913,913,,,
,714,914,914,,,
,789,915,915,,,
,727,916,916,,,
,703,917,917,,,
,738,918,918,,,
,718,919,919,,,
,725,920,920,,,
,702,921,921,,,
,682,922,922,,,
,675,923,923,,,
,728,924,924,,,
,691,925,925,,,
,682,926,926,,,
,690,927,927,,,
,685,928,928,,,
,727,929,929,,,
,662,930,930,,,
,675,931,931,,,
,688,932,932,,,
,684,933,933,,,
,679,934,934,,,
,709,935,935,,,
,638,936,936,,,
,631,937,937,,,
,664,938,938,,,
,668,939,939,,,
,665,940,940,,,
,647,941,941,,,
,640,942,942,,,
,615,943,943,,,
,627,944,944,,,
,656,945,945,,,
,666,946,946,,,
,654,947,947,,,
,701,948,948,,,
,631,949,949,,,
,669,950,950,,,
,681,951,951,,,
,706,952,952,,,
,658,953,953,,,
,590,954,954,,,
,641,955,955,,,
,649,956,956,,,
,591,957,957,,,
,604,958,958,,,
,615,959,959,,,
,645,960,960,,,
,634,961,961,,,
,632,962,962,,,
,609,963,963,,,
,623,964,964,,,
,606,965,965,,,
,613,966,966,,,
,636,967,967,,,
,594,968,968,,,
,578,969,969,,,
,585,970,970,,,
,571,971,971,,,
,574,972,972,,,
,600,973,973,,,
,584,974,974,,,
,545,975,975,,,
,526,976,976,,,
,554,977,977,,,
,568,978,978,,,
,564,979,979,,,
,527,980,980,,,
,533,981,981,,,
,510,982,982,,,
,577,983,983,,,
,563,984,984,,,
,553,985,985,,,
,543,986,986,,,
,504,987,987,,,
,493,988,988,,,
,518,989,989,,,
,552,990,990,,,
,482,991,991,,,
,519,992,992,,,
,527,993,993,,,
,501,994,994,,,
,512,995,995,,,
,521,996,996,,,
,507,997,997,,,
,508,998,998,,,
,525,999,999,,,
,495,1000,1000,,,
,535,1001,1001,,,
,505,1002,1002,,,
,508,1003,1003,,,
,520,1004,1004,,,
,491,1005,1005,,,
,453,1006,1006,,,
,499,1007,1007,,,
,502,1008,1008,,,
,518,1009,1009,,,
,460,1010,1010,,,
,503,1011,1011,,,
,449,1012,1012,,,
,525,1013,1013,,,
,509,1014,1014,,,
,503,1015,1015,,,
,525,1016,1016,,,
,489,1017,1017,,,
,496,1018,1018,,,
,481,1019,1019,,,
,476,1020,1020,,,
,465,1021,1021,,,
,482,1022,1022,,,
,496,1023,1023,,,
,476,1024,1024,,,
,448,1025,1025,,,
,411,1026,1026,,,
,461,1027,1027,,,
,452,1028,1028,,,
,460,1029,1029,,,
,451,1030,1030,,,
,411,1031,1031,,,
,449,1032,1032,,,
,454,1033,1033,,,
,441,1034,1034,,,
,461,1035,1035,,,
,473,1036,1036,,,
,457,1037,1037,,,
,472,1038,1038,,,
,420,1039,1039,,,
,462,1040,1040,,,
,468,1041,1041,,,
,448,1042,1042,,,
,452,1043,1043,,,
,406,1044,1044,,,
,479,1045,1045,,,
,465,1046,1046,,,
,434,1047,1047,,,
,441,1048,1048,,,
,416,1049,1049,,,
,444,1050,1050,,,
,450,1051,1051,,,
,433,1052,1052,,,
,465,1053,1053,,,
,443,1054,1054,,,
,437,1055,1055,,,
,479,1056,1056,,,
,437,1057,1057,,,
,462,1058,1058,,,
,463,1059,1059,,,
,421,1060,1060,,,
,470,1061,1061,,,
,418,1062,1062,,,
,435,1063,1063,,,
,388,1064,1064,,,
,400,1065,1065,,,
,392,1066,1066,,,
,423,1067,1067,,,
,440,1068,1068,,,
,438,1069,1069,,,
,420,1070,1070,,,
,440,1071,1071,,,
,421,1072,1072,,,
,408,1073,1073,,,
,410,1074,1074,,,
,415,1075,1075,,,
,444,1076,1076,,,
,375,1077,1077,,,
,395,1078,1078,,,
,400,1079,1079,,,
,427,1080,1080,,,
,386,1081,1081,,,
,345,1082,1082,,,
,388,1083,1083,,,
,410,1084,1084,,,
,391,1085,1085,,,
,391,1086,1086,,,
,410,1087,1087,,,
,425,1088,1088,,,
,389,1089,1089,,,
,415,1090,1090,,,
,373,1091,1091,,,
,394,1092,1092,,,
,386,1093,1093,,,
,390,1094,1094,,,
,381,1095,1095,,,
,403,1096,1096,,,
,387,1097,1097,,,
,412,1098,1098,,,
,418,1099,1099,,,
,412,1100,1100,,,
,408,1101,1101,,,
,417,1102,1102,,,
,383,1103,1103,,,
,397,1104,1104,,,
,396,1105,1105,,,
,383,1106,1106,,,
,379,1107,1107,,,
,402,1108,1108,,,
,446,1109,1109,,,
,384,1110,1110,,,
,418,1111,1111,,,
,441,1112,1112,,,
,396,1113,1113,,,
,418,1114,1114,,,
,435,1115,1115,,,
,456,1116,1116,,,
,473,1117,1117,,,
,441,1118,1118,,,
,425,1119,1119,,,
,464,1120,1120,,,
,503,1121,1121,,,
,485,1122,1122,,,
,506,1123,1123,,,
,487,1124,1124,,,
,530,1125,1125,,,
,557,1126,1126,,,
,572,1127,1127,,,
,539,1128,1128,,,
,554,1129,1129,,,
,587,1130,1130,,,
,618,1131,1131,,,
,577,1132,1132,,,
,618,1133,1133,,,
,611,1134,1134,,,
,606,1135,1135,,,
,617,1136,1136,,,
,687,1137,1137,,,
,683,1138,1138,,,
,659,1139,1139,,,
,699,1140,1140,,,
,699,1141,1141,,,
,672,1142,1142,,,
,800,1143,1143,,,
,746,1144,1144,,,
,747,1145,1145,,,
,777,1146,1146,,,
,825,1147,1147,,,
,751,1148,1148,,,
,809,1149,1149,,,
,820,1150,1150,,,
,941,1151,1151,,,
,891,1152,1152,,,
,955,1153,1153,,,
,941,1154,1154,,,
,863,1155,1155,,,
,966,1156,1156,,,
,996,1157,1157,,,
,969,1158,1158,,,
,951,1159,1159,,,
,966,1160,1160,,,
,1033,1161,1161,,,
,1027,1162,1162,,,
,1021,1163,1163,,,
,1043,1164,1164,,,
,1062,1165,1165,,,
,1081,1166,1166,,,
,1047,1167,1167,,,
,1085,1168,1168,,,
,1083,1169,1169,,,
,1136,1170,1170,,,
,1096,1171,1171,,,
,1093,1172,1172,,,
,1128,1173,1173,,,
,1099,1174,1174,,,
,1101,1175,1175,,,
,1121,1176,1176,,,
,1120,1177,1177,,,
,1133,1178,1178,,,
,1113,1179,1179,,,
,1099,1180,1180,,,
,1120,1181,1181,,,
,1072,1182,1182,,,
,1067,1183,1183,,,
,1095,1184,1184,,,
,1103,1185,1185,,,
,1078,1186,1186,,,
,1090,1187,1187,,,
,1044,1188,1188,,,
,1057,1189,1189,,,
,1088,1190,1190,,,
,1049,1191,1191,,,
,1016,1192,1192,,,
,990,1193,1193,,,
,979,1194,1194,,,
,968,1195,1195,,,
,999,1196,1196,,,
,907,1197,1197,,,
,908,1198,1198,,,
,1002,1199,1199,,,
,896,1200,1200,,,
,894,1201,1201,,,
,832,1202,1202,,,
,916,1203,1203,,,
,779,1204,1204,,,
,848,1205,1205,,,
,739,1206,1206,,,
,802,1207,1207,,,
,746,1208,1208,,,
,737,1209,1209,,,
,745,1210,1210,,,
,729,1211,1211,,,
,733,1212,1212,,,
,663,1213,1213,,,
,645,1214,1214,,,
,689,1215,1215,,,
,615,1216,1216,,,
,594,1217,1217,,,
,575,1218,1218,,,
,574,1219,1219,,,
,599,1220,1220,,,
,543,1221,1221,,,
,542,1222,1222,,,
,461,1223,1223,,,
,491,1224,1224,,,
,406,1225,1225,,,
,435,1226,1226,,,
,422,1227,1227,,,
,415,1228,1228,,,
,408,1229,1229,,,
,399,1230,1230,,,
,404,1231,1231,,,
,364,1232,1232,,,
,335,1233,1233,,,
,320,1234,1234,,,
,322,1235,1235,,,
,323,1236,1236,,,
,316,1237,1237,,,
,271,1238,1238,,,
,280,1239,1239,,,
,270,1240,1240,,,
,269,1241,1241,,,
,264,1242,1242,,,
,250,1243,1243,,,
,276,1244,1244,,,
,245,1245,1245,,,
,235,1246,1246,,,
,245,1247,1247,,,
,237,1248,1248,,,
,237,1249,1249,,,
,253,1250,1250,,,
,202,1251,1251,,,
,207,1252,1252,,,
,217,1253,1253,,,
,220,1254,1254,,,
,214,1255,1255,,,
,224,1256,1256,,,
,190,1257,1257,,,
,205,1258,1258,,,
,235,1259,1259,,,
,223,1260,1260,,,
,231,1261,1261,,,
,220,1262,1262,,,
,236,1263,1263,,,
,229,1264,1264,,,
,212,1265,1265,,,
,211,1266,1266,,,
,210,1267,1267,,,
,253,1268,1268,,,
,232,1269,1269,,,
,260,1270,1270,,,
,270,1271,1271,,,
,242,1272,1272,,,
,266,1273,1273,,,
,269,1274,1274,,,
,284,1275,1275,,,
,256,1276,1276,,,
,345,1277,1277,,,
,298,1278,1278,,,
,341,1279,1279,,,
,342,1280,1280,,,
,343,1281,1281,,,
,350,1282,1282,,,
,374,1283,1283,,,
,378,1284,1284,,,
,368,1285,1285,,,
,410,1286,1286,,,
,415,1287,1287,,,
,412,1288,1288,,,
,460,1289,1289,,,
,430,1290,1290,,,
,425,1291,1291,,,
,472,1292,1292,,,
,437,1293,1293,,,
,511,1294,1294,,,
,496,1295,1295,,,
,524,1296,1296,,,
,492,1297,1297,,,
,581,1298,1298,,,
,534,1299,1299,,,
,560,1300,1300,,,
,562,1301,1301,,,
,660,1302,1302,,,
,605,1303,1303,,,
,640,1304,1304,,,
,609,1305,1305,,,
,645,1306,1306,,,
,674,1307,1307,,,
,697,1308,1308,,,
,704,1309,1309,,,
,687,1310,1310,,,
,718,1311,1311,,,
,706,1312,1312,,,
,766,1313,1313,,,
,745,1314,1314,,,
,746,1315,1315,,,
,805,1316,1316,,,
,756,1317,1317,,,
,772,1318,1318,,,
,826,1319,1319,,,
,778,1320,1320,,,
,824,1321,1321,,,
,837,1322,1322,,,
,839,1323,1323,,,
,821,1324,1324,,,
,878,1325,1325,,,
,874,1326,1326,,,
,838,1327,1327,,,
,831,1328,1328,,,
,849,1329,1329,,,
,783,1330,1330,,,
,807,1331,1331,,,
,848,1332,1332,,,
,854,1333,1333,,,
,872,1334,1334,,,
,864,1335,1335,,,
,892,1336,1336,,,
,809,1337,1337,,,
,839,1338,1338,,,
,789,1339,1339,,,
,840,1340,1340,,,
,858,1341,1341,,,
,820,1342,1342,,,
,789,1343,1343,,,
,763,1344,1344,,,
,824,1345,1345,,,
,805,1346,1346,,,
,733,1347,1347,,,
,741,1348,1348,,,
,776,1349,1349,,,
,749,1350,1350,,,
,711,1351,1351,,,
,719,1352,1352,,,
,712,1353,1353,,,
,655,1354,1354,,,
,721,1355,1355,,,
,658,1356,1356,,,
,652,1357,1357,,,
,676,1358,1358,,,
,636,1359,1359,,,
,611,1360,1360,,,
,616,1361,1361,,,
,624,1362,1362,,,
,599,1363,1363,,,
,543,1364,1364,,,
,563,1365,1365,,,
,525,1366,1366,,,
,534,1367,1367,,,
,485,1368,1368,,,
,450,1369,1369,,,
,469,1370,1370,,,
,432,1371,1371,,,
,478,1372,1372,,,
,425,1373,1373,,,
,454,1374,1374,,,
,404,1375,1375,,,
,388,1376,1376,,,
,392,1377,1377,,,
,376,1378,1378,,,
,359,1379,1379,,,
,322,1380,1380,,,
,337,1381,1381,,,
,332,1382,1382,,,
,310,1383,1383,,,
,263,1384,1384,,,
,268,1385,1385,,,
,303,1386,1386,,,
,275,1387,1387,,,
,250,1388,1388,,,
,266,1389,1389,,,
,207,1390,1390,,,
,205,1391,1391,,,
,207,1392,1392,,,
,220,1393,1393,,,
,190,1394,1394,,,
,179,1395,1395,,,
,179,1396,1396,,,
,166,1397,1397,,,
,155,1398,1398,,,
,145,1399,1399,,,
,138,1400,1400,,,
,131,1401,1401,,,
,135,1402,1402,,,
,95,1403,1403,,,
,108,1404,1404,,,
,119,1405,1405,,,
,112,1406,1406,,,
,112,1407,1407,,,
,74,1408,1408,,,
,91,1409,1409,,,
,77,1410,1410,,,
,58,1411,1411,,,
,78,1412,1412,,,
,79,1413,1413,,,
,47,1414,1414,,,
,54,1415,1415,,,
,50,1416,1416,,,
,52,1417,1417,,,
,52,1418,1418,,,
,47,1419,1419,,,
,44,1420,1420,,,
,43,1421,1421,,,
,43,1422,1422,,,
,38,1423,1423,,,
,41,1424,1424,,,
,28,1425,1425,,,
,32,1426,1426,,,
,31,1427,1427,,,
,29,1428,1428,,,
,20,1429,1429,,,
,20,1430,1430,,,
,20,1431,1431,,,
,18,1432,1432,,,
,17,1433,1433,,,
,19,1434,1434,,,
,16,1435,1435,,,
,28,1436,1436,,,
,18,1437,1437,,,
,11,1438,1438,,,
,16,1439,1439,,,
,9,1440,1440,,,
,12,1441,1441,,,
,18,1442,1442,,,
,9,1443,1443,,,
,7,1444,1444,,,
,12,1445,1445,,,
,16,1446,1446,,,
,10,1447,1447,,,
,12,1448,1448,,,
,5,1449,1449,,,
,9,1450,1450,,,
,6,1451,1451,,,
,9,1452,1452,,,
,9,1453,1453,,,
,7,1454,1454,,,
,11,1455,1455,,,
,6,1456,1456,,,
,9,1457,1457,,,
,12,1458,1458,,,
,6,1459,1459,,,
,3,1460,1460,,,
,9,1461,1461,,,
,7,1462,1462,,,
,4,1463,1463,,,
,8,1464,1464,,,
,4,1465,1465,,,
,4,1466,1466,,,
,5,1467,1467,,,
,6,1468,1468,,,
,10,1469,1469,,,
,3,1470,1470,,,
,6,1471,1471,,,
,4,1472,1472,,,
,7,1473,1473,,,
,1,1474,1474,,,
,2,1475,1475,,,
,3,1476,1476,,,
,5,1477,1477,,,
,6,1478,1478,,,
,4,1479,1479,,,
,8,1480,1480,,,
,5,1481,1481,,,
,4,1482,1482,,,
,9,1483,1483,,,
,4,1484,1484,,,
,7,1485,1485,,,
,5,1486,1486,,,
,5,1487,1487,,,
,8,1488,1488,,,
,6,1489,1489,,,
,8,1490,1490,,,
,4,1491,1491,,,
,2,1492,1492,,,
,1,1493,1493,,,
,4,1494,1494,,,
,4,1495,1495,,,
,7,1496,1496,,,
,5,1497,1497,,,
,4,1498,1498,,,
,5,1499,1499,,,
,3,1500,1500,,,
,2,1501,1501,,,
,0,1502,1502,,,
,3,1503,1503,,,
,7,1504,1504,,,
,3,1505,1505,,,
,4,1506,1506,,,
,8,1507,1507,,,
,2,1508,1508,,,
,3,1509,1509,,,
,6,1510,1510,,,
,3,1511,1511,,,
,0,1512,1512,,,
,4,1513,1513,,,
,1,1514,1514,,,
,5,1515,1515,,,
,2,1516,1516,,,
,1,1517,1517,,,
,3,1518,1518,,,
,1,1519,1519,,,
,2,1520,1520,,,
,5,1521,1521,,,
,0,1522,1522,,,
,5,1523,1523,,,
,4,1524,1524,,,
,5,1525,1525,,,
,4,1526,1526,,,
,5,1527,1527,,,
,8,1528,1528,,,
,4,1529,1529,,,
,5,1530,1530,,,
,0,1531,1531,,,
,7,1532,1532,,,
,2,1533,1533,,,
,4,1534,1534,,,
,4,1535,1535,,,
,2,1536,1536,,,
,1,1537,1537,,,
,5,1538,1538,,,
,6,1539,1539,,,
,2,1540,1540,,,
,2,1541,1541,,,
,1,1542,1542,,,
,6,1543,1543,,,
,2,1544,1544,,,
,1,1545,1545,,,
,1,1546,1546,,,
,6,1547,1547,,,
,4,1548,1548,,,
,3,1549,1549,,,
,3,1550,1550,,,
,4,1551,1551,,,
,2,1552,1552,,,
,1,1553,1553,,,
,8,1554,1554,,,
,7,1555,1555,,,
,3,1556,1556,,,
,4,1557,1557,,,
,4,1558,1558,,,
,3,1559,1559,,,
,3,1560,1560,,,
,5,1561,1561,,,
,0,1562,1562,,,
,4,1563,1563,,,
,7,1564,1564,,,
,1,1565,1565,,,
,3,1566,1566,,,
,3,1567,1567,,,
,4,1568,1568,,,
,3,1569,1569,,,
,9,1570,1570,,,
,2,1571,1571,,,
,3,1572,1572,,,
,2,1573,1573,,,
,7,1574,1574,,,
,2,1575,1575,,,
,4,1576,1576,,,
,1,1577,1577,,,
,2,1578,1578,,,
,4,1579,1579,,,
,2,1580,1580,,,
,2,1581,1581,,,
,0,1582,1582,,,
,4,1583,1583,,,
,2,1584,1584,,,
,1,1585,1585,,,
,2,1586,1586,,,
,3,1587,1587,,,
,0,1588,1588,,,
,1,1589,1589,,,
,4,1590,1590,,,
,3,1591,1591,,,
,1,1592,1592,,,
,0,1593,1593,,,
,6,1594,1594,,,
,4,1595,1595,,,
,1,1596,1596,,,
,1,1597,1597,,,
,4,1598,1598,,,
,3,1599,1599,,,
,3,1600,1600,,,
,4,1601,1601,,,
,1,1602,1602,,,
,2,1603,1603,,,
,4,1604,1604,,,
,2,1605,1605,,,
,7,1606,1606,,,
,5,1607,1607,,,
,6,1608,1608,,,
,1,1609,1609,,,
,4,1610,1610,,,
,4,1611,1611,,,
,5,1612,1612,,,
,6,1613,1613,,,
,3,1614,1614,,,
,2,1615,1615,,,
,8,1616,1616,,,
,5,1617,1617,,,
,3,1618,1618,,,
,1,1619,1619,,,
,3,1620,1620,,,
,3,1621,1621,,,
,3,1622,1622,,,
,2,1623,1623,,,
,2,1624,1624,,,
,2,1625,1625,,,
,1,1626,1626,,,
,1,1627,1627,,,
,3,1628,1628,,,
,1,1629,1629,,,
,3,1630,1630,,,
,7,1631,1631,,,
,8,1632,1632,,,
,5,1633,1633,,,
,4,1634,1634,,,
,4,1635,1635,,,
,4,1636,1636,,,
,5,1637,1637,,,
,4,1638,1638,,,
,2,1639,1639,,,
,3,1640,1640,,,
,0,1641,1641,,,
,4,1642,1642,,,
,2,1643,1643,,,
,3,1644,1644,,,
,5,1645,1645,,,
,2,1646,1646,,,
,0,1647,1647,,,
,2,1648,1648,,,
,2,1649,1649,,,
,4,1650,1650,,,
,2,1651,1651,,,
,3,1652,1652,,,
,0,1653,1653,,,
,2,1654,1654,,,
,2,1655,1655,,,
,5,1656,1656,,,
,4,1657,1657,,,
,3,1658,1658,,,
,1,1659,1659,,,
,4,1660,1660,,,
,0,1661,1661,,,
,1,1662,1662,,,
,3,1663,1663,,,
,4,1664,1664,,,
,2,1665,1665,,,
,5,1666,1666,,,
,5,1667,1667,,,
,3,1668,1668,,,
,2,1669,1669,,,
,3,1670,1670,,,
,2,1671,1671,,,
,4,1672,1672,,,
,3,1673,1673,,,
,3,1674,1674,,,
,0,1675,1675,,,
,1,1676,1676,,,
,2,1677,1677,,,
,4,1678,1678,,,
,7,1679,1679,,,
,3,1680,1680,,,
,4,1681,1681,,,
,0,1682,1682,,,
,3,1683,1683,,,
,3,1684,1684,,,
,8,1685,1685,,,
,4,1686,1686,,,
,3,1687,1687,,,
,7,1688,1688,,,
,0,1689,1689,,,
,0,1690,1690,,,
,3,1691,1691,,,
,4,1692,1692,,,
,0,1693,1693,,,
,6,1694,1694,,,
,7,1695,1695,,,
,2,1696,1696,,,
,2,1697,1697,,,
,3,1698,1698,,,
,3,1699,1699,,,
,0,1700,1700,,,
,5,1701,1701,,,
,1,1702,1702,,,
,3,1703,1703,,,
,4,1704,1704,,,
,1,1705,1705,,,
,4,1706,1706,,,
,3,1707,1707,,,
,3,1708,1708,,,
,4,1709,1709,,,
,3,1710,1710,,,
,4,1711,1711,,,
,2,1712,1712,,,
,4,1713,1713,,,
,6,1714,1714,,,
,2,1715,1715,,,
,3,1716,1716,,,
,1,1717,1717,,,
,2,1718,1718,,,
,3,1719,1719,,,
,2,1720,1720,,,
,1,1721,1721,,,
,2,1722,1722,,,
,3,1723,1723,,,
,1,1724,1724,,,
,3,1725,1725,,,
,1,1726,1726,,,
,2,1727,1727,,,
,2,1728,1728,,,
,2,1729,1729,,,
,3,1730,1730,,,
,0,1731,1731,,,
,4,1732,1732,,,
,4,1733,1733,,,
,1,1734,1734,,,
,4,1735,1735,,,
,0,1736,1736,,,
,0,1737,1737,,,
,1,1738,1738,,,
,3,1739,1739,,,
,2,1740,1740,,,
,0,1741,1741,,,
,3,1742,1742,,,
,2,1743,1743,,,
,5,1744,1744,,,
,4,1745,1745,,,
,1,1746,1746,,,
,4,1747,1747,,,
,0,1748,1748,,,
,2,1749,1749,,,
,4,1750,1750,,,
,2,1751,1751,,,
,2,1752,1752,,,
,1,1753,1753,,,
,2,1754,1754,,,
,2,1755,1755,,,
,0,1756,1756,,,
,5,1757,1757,,,
,2,1758,1758,,,
,5,1759,1759,,,
,4,1760,1760,,,
,2,1761,1761,,,
,0,1762,1762,,,
,1,1763,1763,,,
,2,1764,1764,,,
,1,1765,1765,,,
,3,1766,1766,,,
,3,1767,1767,,,
,2,1768,1768,,,
,1,1769,1769,,,
,1,1770,1770,,,
,5,1771,1771,,,
,3,1772,1772,,,
,2,1773,1773,,,
,2,1774,1774,,,
,0,1775,1775,,,
,7,1776,1776,,,
,4,1777,1777,,,
,4,1778,1778,,,
,1,1779,1779,,,
,3,1780,1780,,,
,4,1781,1781,,,
,3,1782,1782,,,
,1,1783,1783,,,
,4,1784,1784,,,
,0,1785,1785,,,
,4,1786,1786,,,
,3,1787,1787,,,
,3,1788,1788,,,
,4,1789,1789,,,
,1,1790,1790,,,
,2,1791,1791,,,
,2,1792,1792,,,
,2,1793,1793,,,
,0,1794,1794,,,
,3,1795,1795,,,
,3,1796,1796,,,
,3,1797,1797,,,
,0,1798,1798,,,
,2,1799,1799,,,
,4,1800,1800,,,
,0,1801,1801,,,
,4,1802,1802,,,
,2,1803,1803,,,
,1,1804,1804,,,
,2,1805,1805,,,
,1,1806,1806,,,
,3,1807,1807,,,
,1,1808,1808,,,
,1,1809,1809,,,
,4,1810,1810,,,
,4,1811,1811,,,
,1,1812,1812,,,
,4,1813,1813,,,
,4,1814,1814,,,
,2,1815,1815,,,
,5,1816,1816,,,
,5,1817,1817,,,
,3,1818,1818,,,
,1,1819,1819,,,
,1,1820,1820,,,
,2,1821,1821,,,
,1,1822,1822,,,
,3,1823,1823,,,
,3,1824,1824,,,
,2,1825,1825,,,
,3,1826,1826,,,
,2,1827,1827,,,
,3,1828,1828,,,
,2,1829,1829,,,
,3,1830,1830,,,
,1,1831,1831,,,
,2,1832,1832,,,
,3,1833,1833,,,
,3,1834,1834,,,
,3,1835,1835,,,
,3,1836,1836,,,
,6,1837,1837,,,
,3,1838,1838,,,
,1,1839,1839,,,
,0,1840,1840,,,
,1,1841,1841,,,
,6,1842,1842,,,
,1,1843,1843,,,
,1,1844,1844,,,
,2,1845,1845,,,
,0,1846,1846,,,
,0,1847,1847,,,
,3,1848,1848,,,
,2,1849,1849,,,
,2,1850,1850,,,
,3,1851,1851,,,
,3,1852,1852,,,
,2,1853,1853,,,
,1,1854,1854,,,
,0,1855,1855,,,
,0,1856,1856,,,
,1,1857,1857,,,
,0,1858,1858,,,
,3,1859,1859,,,
,3,1860,1860,,,
,2,1861,1861,,,
,4,1862,1862,,,
,1,1863,1863,,,
,3,1864,1864,,,
,2,1865,1865,,,
,2,1866,1866,,,
,1,1867,1867,,,
,1,1868,1868,,,
,3,1869,1869,,,
,2,1870,1870,,,
,3,1871,1871,,,
,1,1872,1872,,,
,1,1873,1873,,,
,1,1874,1874,,,
,3,1875,1875,,,
,3,1876,1876,,,
,4,1877,1877,,,
,2,1878,1878,,,
,3,1879,1879,,,
,1,1880,1880,,,
,1,1881,1881,,,
,3,1882,1882,,,
,4,1883,1883,,,
,1,1884,1884,,,
,3,1885,1885,,,
,2,1886,1886,,,
,1,1887,1887,,,
,2,1888,1888,,,
,0,1889,1889,,,
,0,1890,1890,,,
,0,1891,1891,,,
,2,1892,1892,,,
,4,1893,1893,,,
,3,1894,1894,,,
,2,1895,1895,,,
,2,1896,1896,,,
,0,1897,1897,,,
,3,1898,1898,,,
,2,1899,1899,,,
,2,1900,1900,,,
,2,1901,1901,,,
,1,1902,1902,,,
,2,1903,1903,,,
,3,1904,1904,,,
,3,1905,1905,,,
,0,1906,1906,,,
,3,1907,1907,,,
,3,1908,1908,,,
,3,1909,1909,,,
,0,1910,1910,,,
,1,1911,1911,,,
,2,1912,1912,,,
,2,1913,1913,,,
,0,1914,1914,,,
,3,1915,1915,,,
,3,1916,1916,,,
,1,1917,1917,,,
,4,1918,1918,,,
,1,1919,1919,,,
,0,1920,1920,,,
,1,1921,1921,,,
,5,1922,1922,,,
,2,1923,1923,,,
,1,1924,1924,,,
,1,1925,1925,,,
,8,1926,1926,,,
,0,1927,1927,,,
,1,1928,1928,,,
,2,1929,1929,,,
,1,1930,1930,,,
,0,1931,1931,,,
,1,1932,1932,,,
,0,1933,1933,,,
,0,1934,1934,,,
,1,1935,1935,,,
,1,1936,1936,,,
,1,1937,1937,,,
,0,1938,1938,,,
,2,1939,1939,,,
,3,1940,1940,,,
,1,1941,1941,,,
,4,1942,1942,,,
,3,1943,1943,,,
,0,1944,1944,,,
,1,1945,1945,,,
,1,1946,1946,,,
,6,1947,1947,,,
,1,1948,1948,,,
,1,1949,1949,,,
,4,1950,1950,,,
,3,1951,1951,,,
,1,1952,1952,,,
,2,1953,1953,,,
,1,1954,1954,,,
,1,1955,1955,,,
,4,1956,1956,,,
,1,1957,1957,,,
,1,1958,1958,,,
,0,1959,1959,,,
,2,1960,1960,,,
,1,1961,1961,,,
,0,1962,1962,,,
,1,1963,1963,,,
,4,1964,1964,,,
,1,1965,1965,,,
,1,1966,1966,,,
,1,1967,1967,,,
,1,1968,1968,,,
,1,1969,1969,,,
,1,1970,1970,,,
,0,1971,1971,,,
,0,1972,1972,,,
,2,1973,1973,,,
,0,1974,1974,,,
,1,1975,1975,,,
,3,1976,1976,,,
,0,1977,1977,,,
,1,1978,1978,,,
,0,1979,1979,,,
,2,1980,1980,,,
,3,1981,1981,,,
,0,1982,1982,,,
,0,1983,1983,,,
,3,1984,1984,,,
,2,1985,1985,,,
,3,1986,1986,,,
,0,1987,1987,,,
,1,1988,1988,,,
,4,1989,1989,,,
,2,1990,1990,,,
,0,1991,1991,,,
,1,1992,1992,,,
,2,1993,1993,,,
,1,1994,1994,,,
,0,1995,1995,,,
,1,1996,1996,,,
,0,1997,1997,,,
,0,1998,1998,,,
,2,1999,1999,,,
,1,2000,2000,,,
,1,2001,2001,,,
,0,2002,2002,,,
,2,2003,2003,,,
,5,2004,2004,,,
,1,2005,2005,,,
,1,2006,2006,,,
,0,2007,2007,,,
,4,2008,2008,,,
,3,2009,2009,,,
,1,2010,2010,,,
,1,2011,2011,,,
,2,2012,2012,,,
,0,2013,2013,,,
,1,2014,2014,,,
,1,2015,2015,,,
,1,2016,2016,,,
,2,2017,2017,,,
,3,2018,2018,,,
,1,2019,2019,,,
,3,2020,2020,,,
,1,2021,2021,,,
,3,2022,2022,,,
,0,2023,2023,,,
,0,2024,2024,,,
,3,2025,2025,,,
,0,2026,2026,,,
,0,2027,2027,,,
,1,2028,2028,,,
,2,2029,2029,,,
,0,2030,2030,,,
,1,2031,2031,,,
,0,2032,2032,,,
,1,2033,2033,,,
,0,2034,2034,,,
,0,2035,2035,,,
,0,2036,2036,,,
,1,2037,2037,,,
,1,2038,2038,,,
,1,2039,2039,,,
,3,2040,2040,,,
,1,2041,2041,,,
,1,2042,2042,,,
,1,2043,2043,,,
,1,2044,2044,,,
,1,2045,2045,,,
,1,2046,2046,,,
,34,2047,2047,,,

